id|name|other_names|previous_names|address|listed_on|other_information
QDe.069|AFGHAN SUPPORT COMMITTEE (ASC)|a) Lajnat ul Masa Eidatul Afghania b) Jamiat Ayat-ur-Rhas al Islamiac c) Jamiat Ihya ul Turath al Islamia d) Ahya ul Turas|na|a) Headquarters – G.T. Road (probably Grand Trunk Road), near Pushtoon Garhi Pabbi, Peshawar, Pakistan b) Cheprahar Hadda, Mia Omar Sabaqah School, Jalabad, Afghanistan|11 Jan. 2002|"Associated with the Revival of Islamic Heritage Society (QDe.070). Abu Bakr al-Jaziri (QDi.058) served as finance chief of
                     ASC. Review pursuant to Security Council resolution 1822 (2008) was concluded on 8 Jun. 2010. Review pursuant to Security
                     Council resolution 2368 (2017) was concluded on 15 November 2021. INTERPOL-UN Security Council Special Notice web link:https://www.interpol.int/en/How-we-work/Notices/View-UN-Notices-Individuals click here"
QDe.121|AL-AKHTAR TRUST INTERNATIONAL|a) Al Akhtar Trust b) Al-Akhtar Medical Centre c) Akhtarabad Medical Camp d) Pakistan Relief Foundation e) Pakistani Relief Foundation f) Azmat-e-Pakistan Trust g) Azmat Pakistan Trust|na|a) ST-1/A, Gulsahn-e-Iqbal, Block 2, Karachi, 25300, Pakistan b) Gulistan-e-Jauhar, Block 12, Karachi, Pakistan|17 Aug. 2005|"Regional offices in Pakistan: Bahawalpur, Bawalnagar, Gilgit, Islamabad,
                     Mirpur Khas, Tando-Jan-Muhammad. Akhtarabad Medical Camp is in Spin Boldak, Afghanistan.
                     Registered by members of Jaish-i-Mohammed (QDe.019). Associated with Harakat
                     ul-Mujahidin/ HUM (QDe.008), Lashkar I Jhanghvi (LJ) (QDe.096) and Lashkar-e-Tayyiba
                     (QDe.118). Banned in Pakistan. Review pursuant to Security Council resolution 1822
                     (2008) was concluded on 14 Sep. 2009. Review pursuant to Security Council resolution 2253 (2015) was concluded on 21 Feb.
                     2019. Review pursuant to Security Council resolution 2610 (2021) was concluded on 8 November 2022.  INTERPOL-UN Security Council
                     Special Notice web link:https://www.interpol.int/en/How-we-work/Notices/View-UN-Notices-Individuals click here"
QDe.109|AL-HARAMAIN & AL MASJED AL-AQSA CHARITY FOUNDATION|a) Al Haramain Al Masjed Al Aqsa b) Al Haramayn Al Masjid Al Aqsa c) Al-Haramayn and Al Masjid Al Aqsa Charitable Foundation d) Al Harammein Al Masjed Al-Aqsa Charity Foundation|na|a) Branch Address: 2A Hasiba Brankovica, Sarajevo, Bosnia and Herzegovina b) 14 Bihacka Street, Sarajevo, Bosnia and Herzegovina c) 64 Potur mahala Street, Travnik, Bosnia and Herzegovina d) Zenica, Bosnia and Herzegovina|28 Jun. 2004|"Reportedly defunct. Used to be officially registered in Bosnia and Herzegovina under registry number 24. Al-Haramain & Al
                     Masjed Al-Aqsa Charity Foundation ceased its work by decision of the Ministry of Justice of the Bosnia and Herzegovina Federation
                     (decision on cessation of operation number 03-05-2-203/04). It was no longer in existence as of Dec. 2008. Its premises and
                     humanitarian activities were transferred under Government supervision to a new entity called Sretna Buducnost. Review pursuant
                     to Security Council resolution 1822 (2008) was concluded on 22 Jun. 2010. Review pursuant to Security Council resolution 2368
                     (2017) was concluded on 24 November 2020. Review pursuant to Security Council resolution 2610 (2021) was concluded on 8 November
                     2022. INTERPOL-UN Security Council Special Notice web link:https://www.interpol.int/en/How-we-work/Notices/View-UN-Notices-Individuals click here"
QDe.113|AL-HARAMAIN: ETHIOPIA BRANCH|na|na|Woreda District 24 Kebele Section 13, Addis Ababa, Ethiopia (at time of listing)|6 Jul. 2004|"Review pursuant to Security Council resolution 1822 (2008) was concluded
                     on 22 Jun. 2010. Review pursuant to Security Council resolution 2368 (2017) was concluded on 24 November 2020. Review pursuant
                     to Security Council resolution 2610 (2021) was concluded on 8 November 2022. INTERPOL-UN Security Council Special Notice web
                     link:https://www.interpol.int/en/How-we-work/Notices/View-UN-Notices-Individuals click here"
QDe.116|AL-HARAMAIN FOUNDATION (UNION OF THE COMOROS)|na|na|B/P: 1652 Moroni, Comoros (at time of listing)|28 Sep. 2004|"Review pursuant to Security Council resolution 1822 (2008) was concluded
                     on 22 Jun. 2010. Review pursuant to Security Council resolution 2368 (2017) was concluded on 24 November 2020. Review pursuant
                     to Security Council resolution 2610 (2021) was concluded on 8 November 2022. INTERPOL-UN Security Council Special Notice web
                     link:https://www.interpol.int/en/How-we-work/Notices/View-UN-Notices-Individuals click here"
QDe.114|AL-HARAMAIN: THE NETHERLANDS BRANCH|Stichting Al Haramain Humanitarian Aid|na|Jan Hanzenstraat 114, 1053SV, Amsterdam, Netherlands (at time of listing)|6 Jul. 2004|"Reportedly defunct.Review pursuant to Security Council resolution 1822 (2008) was concluded
                     on 28 Jun. 2010. Review pursuant to Security Council resolution 2368 (2017) was concluded on 24 November 2020. Review pursuant
                     to Security Council resolution 2610 (2021) was concluded on 8 November 2022. INTERPOL-UN Security Council Special Notice web
                     link:https://www.interpol.int/en/How-we-work/Notices/View-UN-Notices-Individuals click here"
QDe.003|EGYPTIAN ISLAMIC JIHADName (original script): الجهاد الاسلامي المصري|a) Egyptian Al-Jihad b) Jihad Group c) New Jihad d) Al-Jihad e) Egyptian Islamic Movement|na|na|6 Oct. 2001|"Co-founded by Aiman Muhammed Rabi al-Zawahiri (QDi.006), who was also its
                     military leader. Review pursuant to Security Council resolution 1822 (2008) was
                     concluded on 21 Jun. 2010. Review pursuant to Security Council resolution 2368 (2017) was concluded on 24 November 2020. Review
                     pursuant to Security Council resolution 2610 (2021) was concluded on 8 November 2022. INTERPOL-UN Security Council Special
                     Notice web link:https://www.interpol.int/en/How-we-work/Notices/View-UN-Notices-Individuals click here"
QDe.006|ARMED ISLAMIC GROUPName (original script): الجماعة الاسلامية المسلحة|a) Al Jamm’ah Al-Islamiah Al- Musallah b) GIA c) Groupe Islamique Armé|na|Algeria|6 Oct. 2001|"Review pursuant to Security Council resolution 1822 (2008) was concluded
                     on 21 Jun. 2010. Review pursuant to Security Council resolution 2368 (2017) was concluded on 24 November 2020. INTERPOL-UN
                     Security Council Special Notice web link:https://www.interpol.int/en/How-we-work/Notices/View-UN-Notices-Individuals click here"
QDe.008|HARAKAT UL-MUJAHIDIN / HUM|a) Al-Faran b) Al-Hadid c) Al-Hadith d) Harakat Ul-Ansar e) HUA f) Harakat Ul- Mujahideen|na|Pakistan|6 Oct. 2001|"Associated with Jaish-i-Mohammed (QDe.019), Lashkar i Jhangvi (LJ)
                     (QDe.096) and Lashkar-e-Tayyiba (QDe.118). Active in Pakistan and Afghanistan. Banned in
                     Pakistan. Review pursuant to Security Council resolution 1822 (2008) was concluded on 21
                     Jun. 2010. Review pursuant to Security Council resolution 2368 (2017) was concluded on 24 November 2020. INTERPOL-UN Security
                     Council Special Notice web link:https://www.interpol.int/en/How-we-work/Notices/View-UN-Notices-Individuals click here"
QDe.111|AL-HARAMAIN: ALBANIA BRANCH|na|na|Irfan Tomini Street, #58, Tirana, Albania (at time of listing)|6 Jul. 2004|"Review pursuant to Security Council resolution 1822 (2008) was concluded
                     on 22 Jun. 2010. Review pursuant to Security Council resolution 2368 (2017) was concluded on 24 November 2020. Review pursuant
                     to Security Council resolution 2610 (2021) was concluded on 8 November 2022. INTERPOL-UN Security Council Special Notice web
                     link:https://www.interpol.int/en/How-we-work/Notices/View-UN-Notices-Individuals click here"
QDe.105|AL-HARAMAYN FOUNDATION (KENYA)|na|na|a) Nairobi, Kenya (at time of listing) b) Garissa, Kenya (at time of listing) c) Dadaab, Kenya (at time of listing)|26 Jan. 2004|"Review pursuant to Security Council resolution 1822 (2008) was concluded
                     on 22 Jun. 2010. Review pursuant to Security Council resolution 2253 (2015) was concluded on 21 Feb. 2019. Review pursuant
                     to Security Council resolution 2610 (2021) was concluded on 8 November 2022. INTERPOL-UN Security Council Special Notice web
                     link:https://www.interpol.int/en/How-we-work/Notices/View-UN-Notices-Individuals click here"
QDe.106|AL-HARAMAYN FOUNDATION (TANZANIA)|na|na|a) P.O. Box 3616, Dar es Salaam, United Republic of Tanzania (at time of listing) b) Tanga, United Republic of Tanzania (at time of listing) c) Singida, United Republic of Tanzania (at time of listing)|26 Jan. 2004|"Review pursuant to Security Council resolution 1822 (2008) was concluded
                     on 22 Jun. 2010. Review pursuant to Security Council resolution 2368 (2017) was concluded on 24 November 2020. Review pursuant
                     to Security Council resolution 2610 (2021) was concluded on 8 November 2022. INTERPOL-UN Security Council Special Notice web
                     link:https://www.interpol.int/en/How-we-work/Notices/View-UN-Notices-Individuals click here"
QDe.088|EASTERN TURKISTAN ISLAMIC MOVEMENT (ETIM)|a) The Eastern Turkistan Islamic Party b) The Eastern Turkistan Islamic Party of Allah c) Islamic Party of Turkestan d) Djamaat Turkistan|na|na|11 Sep. 2002|"Active in China, South Asia and Central Asia. Review pursuant to Security
                     Council resolution 1822 (2008) was concluded on 20 May 2010. Review pursuant to Security Council resolution 2368 (2017) was
                     concluded on 24 November 2020. INTERPOL-UN Security Council Special Notice web link:https://www.interpol.int/en/How-we-work/Notices/View-UN-Notices-Individuals click here"
QDe.001|ABU SAYYAF GROUP|Al Harakat Al Islamiyya|na|Philippines|6 Oct. 2001|"Associated with Jemaah Islamiyah (JI) (QDe.092). Current leader is
                     Radulan Sahiron (QDi.208). Review pursuant to Security Council resolution 1822 (2008)
                     was concluded on 21 Jun. 2010. Review pursuant to Security Council resolution 2368 (2017) was concluded on 24 November 2020.
                     INTERPOL-UN Security Council Special Notice web link:https://www.interpol.int/en/How-we-work/Notices/View-UN-Notices-Individuals click here"
QDe.110|AL-HARAMAIN: AFGHANISTAN BRANCH|na|na|Afghanistan (at time of listing)|6 Jul. 2004|"Review pursuant to Security Council resolution 1822 (2008) was concluded
                     on 22 Jun. 2010. Review pursuant to Security Council resolution 2368 (2017) was concluded on 24 November 2020. Review pursuant
                     to Security Council resolution 2610 (2021) was concluded on 8 November 2022. INTERPOL-UN Security Council Special Notice web
                     link:https://www.interpol.int/en/How-we-work/Notices/View-UN-Notices-Individuals click here"
QDe.112|AL-HARAMAIN: BANGLADESH BRANCH|na|na|House 1, Road 1, S-6, Uttara, Dhaka, Bangladesh (at time of listing)|6 Jul. 2004|"Review pursuant to Security Council resolution 1822 (2008) was concluded
                     on 22 Jun. 2010. Review pursuant to Security Council resolution 2368 (2017) was concluded on 24 November 2020. Review pursuant
                     to Security Council resolution 2610 (2021) was concluded on 8 November 2022. INTERPOL-UN Security Council Special Notice web
                     link:https://www.interpol.int/en/How-we-work/Notices/View-UN-Notices-Individuals click here"
QDe.104|AL-HARAMAIN FOUNDATION (PAKISTAN)|na|na|House #279, Nazimuddin Road, F-10/1, Islamabad, Pakistan (at time of listing)|26 Jan. 2004|"Review pursuant to Security Council resolution 1822 (2008) was concluded
                     on 19 Oct. 2009. Review pursuant to Security Council resolution 2368 (2017) was concluded on 24 November 2020. Review pursuant
                     to Security Council resolution 2610 (2021) was concluded on 8 November 2022. INTERPOL-UN Security Council Special Notice web
                     link:https://www.interpol.int/en/How-we-work/Notices/View-UN-Notices-Individuals click here"
QDe.002|AL-ITIHAAD AL-ISLAMIYA / AIAIName (original script): الاتحاد الاسلامي|na|na|na|6 Oct. 2001|"Reported to have operated in Somalia and Ethiopia and to have merged with
                     Harakat Al-Shabaab Al-Mujaahidiin (Al-Shabaab), which was accepted as an affiliate of
                     Al-Qaida (QDe.004) by Aiman Muhammed Rabi al-Zawahiri (QDi.006) in Feb. 2012, and is
                     also subject to the sanctions measures set out in Security Council resolution 1844
                     (2008) concerning Somalia and Eritrea (see https://www.un.org/sc/suborg/en/sanctions/751).
                     Leadership included Hassan Dahir Aweys
                     (QDi.042). AIAI has received funds through the Al-Haramain Islamic Foundation (Somalia)
                     (QDe.072). Review pursuant to Security Council resolution 1822 (2008) was concluded on
                     21 Jun. 2010. Review pursuant to Security Council resolution 2368 (2017) was concluded on 24 November 2020. INTERPOL-UN Security
                     Council Special Notice web link:https://www.interpol.int/en/How-we-work/Notices/View-UN-Notices-Individuals click here"
QDe.004|AL-QAIDAName (original script): القاعدة|"a) ""The Base"" b) Al Qaeda c) Islamic Salvation Foundation d) The Group for the Preservation of the Holy Sites e) The Islamic Army for the Liberation of Holy Places f) The World Islamic Front for Jihad Against Jews and Crusaders g) Usama Bin Laden Network h) Usama Bin Laden Organization i) Al Qa'ida j) Al Qa’ida/Islamic Army"|na|na|6 Oct. 2001|"Review pursuant to Security Council resolution 1822 (2008) was concluded
                     on 21 Jun. 2010. Review pursuant to Security Council resolution 2368 (2017) was concluded on 24 November 2020. INTERPOL-UN
                     Security Council Special Notice web link:https://www.interpol.int/en/How-we-work/Notices/View-UN-Notices-Individuals click here"
QDe.098|ANSAR AL-ISLAMName (original script): أنصار الاسلام|a) Devotees of Islam b) Jund al-Islam c) Soldiers of Islam d) Kurdistan Supporters of Islam e) Supporters of Islam in Kurdistan f) Followers of Islam in Kurdistan g) Kurdish Taliban h) Soldiers of God i) Ansar al-Sunna Army j) Jaish Ansar al-Sunna k) Ansar al-Sunna|na|na|24 Feb. 2003|"The founder is Najmuddin Faraj Ahmad (QDi.226). Associated with Al-Qaida in
                     Iraq (QDe.115). Located and primarily active in northern Iraq but maintains a
                     presence in western and central Iraq. Review pursuant to Security Council resolution
                     1822 (2008) was concluded on 21 Jun. 2010. Review pursuant to Security Council
                     resolution 2368 (2017) was concluded on 24 November 2020. INTERPOL-UN Security Council Special Notice web link:https://www.interpol.int/en/How-we-work/Notices/View-UN-Notices-Individuals click here"
QDe.007|ASBAT AL-ANSARName (original script): عصبة الأنصار|na|na|Ein el-Hilweh camp, Lebanon|6 Oct. 2001|"Active in northern Iraq. Associated with Al-Qaida in Iraq (QDe.115).
                     Review pursuant to Security Council resolution 1822 (2008) was concluded on 21 Jun.
                     2010. Review pursuant to Security Council resolution 2368 (2017) was concluded on 24 November 2020. INTERPOL-UN Security Council
                     Special Notice web link:https://www.interpol.int/en/How-we-work/Notices/View-UN-Notices-Individuals click here"
QDe.119|ISLAMIC JIHAD GROUP|a) Jama’at al-Jihad b) Libyan Society c) Kazakh Jama’at d) Jamaat Mojahedin e) Jamiyat f) Jamiat al-Jihad al-Islami g) Dzhamaat Modzhakhedov h) Islamic Jihad Group of Uzbekistan i) al-Djihad al-Islami j) Zamaat Modzhakhedov Tsentralnoy Asii k) Islamic Jihad Union|na|na|1 Jun. 2005|"Founded and led by Najmiddin Kamolitdinovich Jalolov (deceased) and Suhayl
                     Fatilloevich Buranov (deceased). Associated with the Islamic Movement of Uzbekistan
                     (QDe.010) and Emarat Kavkaz (QDe.131). Active in the Afghanistan/Pakistan border
                     area, Central Asia, South Asia region and some European States. Review pursuant to
                     Security Council resolution 1822 (2008) was concluded on 20 May 2010. Review pursuant to Security Council resolution 2368
                     (2017) was concluded on 24 November 2020. INTERPOL-UN Security Council Special Notice web link:https://www.interpol.int/en/How-we-work/Notices/View-UN-Notices-Individuals click here"
QDe.020|JAM'YAH TA'AWUN AL-ISLAMIA|a) Society of Islamic Cooperation b) Jam'iyat Al Ta'awun Al Islamiyya c) Jit|na|Kandahar City, Afghanistan|17 Oct. 2001|"Founded by Usama Mohammad Awad bin Laden (deceased) in 2001. Review
                     pursuant to Security Council resolution 1822 (2008) was concluded on 21 Jun.
                     2010. Review pursuant to Security Council resolution 2368 (2017) was concluded on 15 November 2021. INTERPOL-UN Security Council
                     Special Notice web link:https://www.interpol.int/en/How-we-work/Notices/View-UN-Notices-Individuals click here"
QDe.100|RIYADUS-SALIKHIN RECONNAISSANCE AND SABOTAGE BATTALION OF CHECHEN MARTYRS (RSRSBCM)|a) Riyadus-Salikhin Reconnaissance and Sabotage Battalion b) Riyadh-as-Saliheen c) The Sabotage and Military Surveillance Group of the Riyadh al-Salihin Martyrs d) Firqat al-Takhrib wa al-Istitla al-Askariyah li Shuhada Riyadh al-Salihin e) Riyadus-Salikhin Reconnaissance and Sabotage battalion of Shahids (martyrs)|na|na|4 Mar. 2003|"Associated with the Islamic International Brigade (IIB) (QDe.099), the
                     Special Purpose Islamic Regiment (SPIR) (QDe.101) and Emarat Kavkaz (QDe.131). Review
                     pursuant to Security Council resolution 1822 (2008) was concluded on 17 May
                     2010. Review pursuant to Security Council resolution 2368 (2017) was concluded on 24 November 2020. Review pursuant to Security
                     Council resolution 2610 (2021) was concluded on 8 November 2022. INTERPOL-UN Security Council Special Notice web link:https://www.interpol.int/en/How-we-work/Notices/View-UN-Notices-Individuals click here"
QDe.068|UMMAH TAMEER E-NAU (UTN)|na|na|a) Street 13, Wazir Akbar Khan, Kabul, Afghanistan b) Pakistan|24 Dec. 2001|"Its directors included Mahmood Sultan Bashir-Ud-Din (QDi.055), Majeed Abdul Chaudhry (QDi.054) and Mohammed Tufail (QDi.056).
                     Banned in Pakistan. Review pursuant to Security Council resolution 1822 (2008) was concluded on 21 Jun. 2010. Review pursuant
                     to Security Council resolution 2368 (2017) was concluded on 15 November 2021. INTERPOL-UN Security Council Special Notice
                     web link:https://www.interpol.int/en/How-we-work/Notices/View-UN-Notices-Individuals click here"
QDe.099|ISLAMIC INTERNATIONAL BRIGADE (IIB)|a) The Islamic Peacekeeping Brigade b) The Islamic Peacekeeping Army c) The International Brigade d) Islamic Peacekeeping Battalion e) International Battalion f) Islamic Peacekeeping International Brigade|na|na|4 Mar. 2003|"Linked to the Riyadus-Salikhin Reconnaissance and Sabotage Battalion of Chechen
                     Martyrs (RSRSBCM) (QDe.100) and the Special Purpose Islamic Regiment (SPIR)
                     (QDe.101). Review pursuant to Security Council resolution 1822 (2008) was concluded
                     on 17 May 2010. Review pursuant to Security Council resolution 2368 (2017) was
                     concluded on 4 Dec. 2019. Review pursuant to Security Council resolution 2368 (2017) was concluded on 15 November 2021. INTERPOL-UN
                     Security Council Special Notice web link:https://www.interpol.int/en/How-we-work/Notices/View-UN-Notices-Individuals click here"
QDe.010|ISLAMIC MOVEMENT OF UZBEKISTAN|IMU|na|na|6 Oct. 2001|"Associated with the Eastern Turkistan Islamic Movement (QDe.088), Islamic
                     Jihad Group (QDe.119) and Emarat Kavkaz (QDe.131). Active in the Afghanistan/Pakistan
                     border area, northern Afghanistan and Central Asia. Review pursuant to Security Council
                     resolution 1822 (2008) was concluded on 21 Jun. 2010. Review pursuant to Security Council resolution 2368 (2017) was concluded
                     on 24 November 2020. INTERPOL-UN Security Council Special Notice web link:https://www.interpol.int/en/How-we-work/Notices/View-UN-Notices-Individuals click here"
QDe.019|JAISH-I-MOHAMMED|Army of Mohammed|na|Pakistan|17 Oct. 2001|"Based in Peshawar and Muzaffarabad, Pakistan Associated with Harakat
                     ul-Mujahidin / HUM (QDe.008), Lashkar-e-Tayyiba (QDe.118), Al-Akhtar Trust International
                     (QDe.121), and Harakat-ul Jihad Islami (QDe.130). Banned in Pakistan. Review pursuant to
                     Security Council resolution 1822 (2008) was concluded on 21 Jun. 2010. Review pursuant to Security Council resolution 2368
                     (2017) was concluded on 24 November 2020. INTERPOL-UN Security Council Special Notice web link:https://www.interpol.int/en/How-we-work/Notices/View-UN-Notices-Individuals click here"
QDe.115|AL-QAIDA IN IRAQName (original script): القاعده في العراق|a) AQI b) al-Tawhid c) the Monotheism and Jihad Group d) Qaida of the Jihad in the Land of the Two Rivers e) Al-Qaida of Jihad in the Land of the Two Rivers f) The Organization of Jihad’s Base in the Country of the Two Rivers g) The Organization Base of Jihad/Country of the Two Rivers h) The Organization Base of Jihad/Mesopotamia i) Tanzim Qa’idat Al-Jihad fi Bilad al-Rafidayn j) Tanzeem Qa’idat al Jihad/Bilad al Raafidaini k) Jama'at Al-Tawhid Wa'al-Jihad l) JTJ m) Islamic State of Iraq n) ISI o) al-Zarqawi network p) Islamic State in Iraq and the Levant|na|na|18 Oct. 2004|"Review pursuant to Security Council resolution 1822 (2008) was concluded
                     on 25 May 2010. 
                     Review pursuant to Security Council resolution 2368 (2017) was concluded on 24 November 2020.
                     
                     INTERPOL-UN Security Council Special Notice web link:https://www.interpol.int/en/How-we-work/Notices/View-UN-Notices-Individuals click here"
QDe.092|JEMAAH ISLAMIYAH|a) Jema’ah Islamiyah b) Jemaah Islamiya c) Jemaah Islamiah d) Jamaah Islamiyah e) Jama’ah Islamiyah|na|na|25 Oct. 2002|"Operates in Southeast Asia, including Indonesia, Malaysia and the
                     Philippines. Associated with the Abu Sayyaf Group (QDe.001). Review pursuant to Security
                     Council resolution 1822 (2008) was concluded on 25 May 2010. Review pursuant to Security Council resolution 2368 (2017) was
                     concluded on 24 November 2020. INTERPOL-UN Security Council Special Notice web link:https://www.interpol.int/en/How-we-work/Notices/View-UN-Notices-Individuals click here"
QDe.089|MOROCCAN ISLAMIC COMBATANT GROUPName (original script): الجماعة الاسلامية المغربية المقاتلة|a) Groupe Islamique Combattant Marocain b) GICM|na|Morocco|10 Oct. 2002|"Associated with the Organization of Al-Qaida in the Islamic Maghreb
                     (QDe.014). Review pursuant to Security Council resolution 1822 (2008) was concluded on
                     20 May 2010. Review pursuant to Security Council resolution 2368 (2017) was concluded on 24 November 2020. INTERPOL-UN Security
                     Council Special Notice web link:https://www.interpol.int/en/How-we-work/Notices/View-UN-Notices-Individuals click here"
QDe.021|RABITA TRUST|na|na|a) Room 9a, 2nd Floor, Wahdat Road, Education Town, Lahore, Pakistan b) Wares Colony, Lahore, Pakistan (at time of listing)|17 Oct. 2001|"Banned in Pakistan. Review pursuant to Security Council resolution 1822
                     (2008) was concluded on 21 Jun. 2010. Review pursuant to Security Council resolution 2368 (2017) was concluded on 24 November
                     2020. Review pursuant to Security Council resolution 2610 (2021) was concluded on 8 November 2022. INTERPOL-UN Security Council
                     Special Notice web link:https://www.interpol.int/en/How-we-work/Notices/View-UN-Notices-Individuals click here"
QDe.070|REVIVAL OF ISLAMIC HERITAGE SOCIETYName (original script): جمعية احياء التراث الاسلامي|a) Revival of Islamic Society Heritage on the African Continent b) Jamia Ihya ul Turath c) RIHS d) Jamiat Ihia Al-Turath Al-Islamiya e) Al-Furqan Foundation Welfare Trust f) Al-Furqan Welfare Foundation|na|a) Pakistan b) Afghanistan|11 Jan. 2002|"NOTE: Only the Pakistan and Afghanistan offices of this entity are
                     designated. Associated with Abu Bakr al-Jaziri (QDi.058) and Afghan Support Committee
                     (ASC) (QDe.069). Review pursuant to Security Council resolution 1822 (2008) was
                     concluded on 8 Jun. 2010. Review pursuant to Security Council resolution 2368 (2017) was concluded on 24 November 2020. INTERPOL-UN
                     Security Council Special Notice web link:https://www.interpol.int/en/How-we-work/Notices/View-UN-Notices-Individuals click here"
QDe.014|THE ORGANIZATION OF AL-QAIDA IN THE ISLAMIC MAGHREBName (original script): تنظيم القا عدة ببلاد المغرب الاسلامي|a) AQIM b) Al Qaïda au Maghreb islamique (AQMI)|a) Le Groupe Salafiste pour La Prédication et le Combat (GSPC) b) Salafist Group For Call and Combat|a) Algeria b) Mali c) Mauritania d) Morocco e) Niger f) Tunisia|6 Oct. 2001|"Headed by Abdelmalek Droukdel (QDi.232). Zone of operation includes
                     Algeria and parts of Mali, Mauritania, Niger, Tunisia and Morocco. Review pursuant to
                     Security Council resolution 1822 (2008) was concluded on 21 Jun. 2010. Review pursuant to Security Council resolution 2368
                     (2017) was concluded on 24 November 2020. INTERPOL-UN Security Council Special Notice web link:https://www.interpol.int/en/How-we-work/Notices/View-UN-Notices-Individuals click here"
QDe.090|TUNISIAN COMBATANT GROUPName (original script): الجماعة التونسية المقاتلة|a) Groupe Combattant Tunisien b) Groupe Islamiste Combattant Tunisien c) GICT|na|Tunisia|10 Oct. 2002|"Associated with the Organization of Al-Qaida in the Islamic Maghreb (QDe.014).
                     Review pursuant to Security Council resolution 1822 (2008) was concluded on 6 May
                     2010. Review pursuant to Security Council resolution 2368 (2017) was concluded on 24
                     November 2020. INTERPOL-UN Security Council Special Notice web link:https://www.interpol.int/en/How-we-work/Notices/View-UN-Notices-Individuals click here"
QDe.009|ISLAMIC ARMY OF ADEN|na|na|na|6 Oct. 2001|"Review pursuant to Security Council resolution 1822 (2008) was concluded on 9
                     Jul. 2010. Review pursuant to Security Council resolution 2368 (2017) was concluded on 15 November 2021. INTERPOL-UN Security
                     Council Special Notice web link:https://www.interpol.int/en/How-we-work/Notices/View-UN-Notices-Individuals click here"
QDe.096|LASHKAR I JHANGVI (LJ)|na|na|na|3 Feb. 2003|"Based primarily in Pakistan’s Punjab region and in the city of Karachi. Active in Pakistan although banned as at 2010. Review
                     pursuant to Security Council resolution 2161 (2014) was concluded on 23 Dec. 2016. Review pursuant to Security Council resolution
                     2368 (2017) was concluded on 15 November 2021.  INTERPOL-UN Security Council Special Notice web link:https://www.interpol.int/en/How-we-work/Notices/View-UN-Notices-Individuals click here"
QDe.011|LIBYAN ISLAMIC FIGHTING GROUPName (original script): الجماعة الاسلامية المقاتلة الليبية|LIFG|na|Libya|6 Oct. 2001|"Members in Afghanistan merged with Al-Qaida (QDe.004) in Nov. 2007.
                     Review pursuant to Security Council resolution 1822 (2008) was concluded on 21 Jun.
                     2010. Review pursuant to Security Council resolution 2368 (2017) was concluded on 24 November 2020. INTERPOL-UN Security Council
                     Special Notice web link:https://www.interpol.int/en/How-we-work/Notices/View-UN-Notices-Individuals click here"
QDe.101|SPECIAL PURPOSE ISLAMIC REGIMENT (SPIR)|a) The Islamic Special Purpose Regiment b) The al-Jihad-Fisi-Sabililah Special Islamic Regiment c) Islamic Regiment of Special Meaning|na|na|4 Mar. 2003|"Linked to the Islamic International Brigade (IIB) (QDe.099) and the
                     Riyadus-Salikhin Reconnaissance and Sabotage Battalion of Chechen Martyrs (RSRSBCM)
                     (QDe.100). Review pursuant to Security Council resolution 1822 (2008) was concluded on
                     17 May 2010. Review pursuant to Security Council resolution 2368 (2017) was concluded on 24 November 2020. INTERPOL-UN Security
                     Council Special Notice web link:https://www.interpol.int/en/How-we-work/Notices/View-UN-Notices-Individuals click here"
QDe.108|TAIBAH INTERNATIONAL-BOSNIA OFFICES|a) Taibah International Aid Agency b) Taibah International Aid Association c) Al Taibah, Intl. d) Taibah International Aide Association|na|a) 6 Avde Smajlovica Street, Novo Sarajevo, Bosnia and Herzegovina b) 26 Tabhanska Street, Visoko, Bosnia and Herzegovina c) 3 Velika Cilna Ulica, Visoko, Bosnia and Herzegovina d) 26 Tabhanska Street, Visoko, Bosnia and Herzegovina|11 May 2004|"Reportedly defunct. In 2002-2004, Taibah International – Bosnia offices used premises of the
                     Culture Home in Hadzici, Sarajevo, Bosnia and Herzegovina. The organization was
                     officially registered in Bosnia and Herzegovina as a branch of Taibah International Aid
                     Association under registry number 7. Taibah International – Bosnia offices ceased its
                     work by decision of the Ministry of Justice of the Bosnia and Herzegovina Federation
                     (decision on cessation of operation number 03-05-2-70/03). Review pursuant to Security
                     Council resolution 1822 (2008) was concluded on 21 Jun. 2010. Review pursuant to Security Council resolution 2368 (2017) was
                     concluded on 24 November 2020. Review pursuant to Security Council resolution 2610 (2021) was concluded on 8 November 2022.
                     INTERPOL-UN Security Council Special Notice web link:https://www.interpol.int/en/How-we-work/Notices/View-UN-Notices-Individuals click here"
QDe.015|WAFA HUMANITARIAN ORGANIZATION|a) Al Wafa b) Al Wafa Organization c) Wafa Al-Igatha Al-Islamia|na|a) Jordan House No. 125, Street 54, Phase II Hayatabad, Peshawar, Pakistan (at time of listing) b) Kuwait (at time of listing) c) United Arab Emirates (at time of listing) d) Afghanistan (at time of listing)|6 Oct. 2001|"Headquarters was in Kandahar, Afghanistan as at 2001. Wafa was a
                     component of Al-Qaida (QDe.004) in 2001. Review pursuant to Security Council resolution
                     1822 (2008) was concluded on 21 Jun. 2010. Review pursuant to Security Council resolution 2368 (2017) was concluded on 4 Dec.
                     2019. Review pursuant to Security Council resolution 2610 (2021) was concluded on 8 November 2022. INTERPOL-UN Security Council
                     Special Notice web link:https://www.interpol.int/en/How-we-work/Notices/View-UN-Notices-Individuals click here"
QDe.129|AL-QAIDA IN THE ARABIAN PENINSULA (AQAP)Name (original script): القاعدة في جزيرة العرب|a) Al-Qaida of Jihad Organization in the Arabian Peninsula b) Tanzim Qa’idat al-Jihad fi Jazirat al-Arab c) Al-Qaida Organization in the Arabian Peninsula (AQAP) d) Al-Qaida in the South Arabian Peninsula e) Ansar al-Shari'a (AAS)|Al-Qaida in Yemen (AQY)|na|19 Jan. 2010|"AQAP is a regional affiliate of Al-Qaida (QDe.004) and an armed group operating
                     primarily in Arabian Peninsula. Location: Yemen. Alternative location: Saudi Arabia
                     (2004 – 2006). Formed in Jan. 2009 when Al-Qaida in Yemen combined with Saudi
                     Arabian Al-Qaida operatives. Leader of AQAP is Qasim Mohamed Mahdi Al-Rimi
                     (QDi.282). Ansar al-Shari’a was formed in early 2011 by AQAP and has taken
                     responsibility for multiple attacks in Yemen against both government and civilian
                     targets. Review pursuant to Security Council resolution 2368 (2017) was concluded on 15 November 2021. INTERPOL-UN Security
                     Council Special Notice web link:https://www.interpol.int/en/How-we-work/Notices/View-UN-Notices-Individuals click here"
QDe.130|HARAKAT-UL JIHAD ISLAMIName (original script): حرکت الجہاد الاسلامی|a) HUJI b) Movement of Islamic Holy War c) Harkat-ul-Jihad-al Islami d) Harkat-al-Jihad-ul Islami e) Harkat-ul-Jehad-al-Islami f) Harakat ul Jihad-e-Islami|a) Harakat-ul-Ansar b) HUA|na|6 Aug. 2010|"Was established in Afghanistan in 1980. In 1993, Harakat-ul Jihad Islami merged
                     with Harakat ul-Mujahidin (QDe.008) to form Harakat ul-Ansar. In 1997, Harakat-ul
                     Jihad Islami split from Harakat ul-Ansar and resumed using its former name.
                     Operations are in India, Pakistan and Afghanistan. Banned in Pakistan. Review pursuant to Security Council resolution 2368
                     (2017) was concluded on 24 November 2020. INTERPOL-UN Security Council Special Notice web link:https://www.interpol.int/en/How-we-work/Notices/View-UN-Notices-Individuals click here"
QDe.131|EMARAT KAVKAZName (original script): Эмират Кавказ|na|na|na|29 Jul. 2011|"Mainly active in the Russian Federation, Afghanistan and Pakistan. Led by Doku
                     Khamatovich Umarov (QDi.290). Review pursuant to Security Council resolution 2368 (2017) was concluded on 24 November 2020.
                     INTERPOL-UN Security Council Special Notice web link:https://www.interpol.int/en/How-we-work/Notices/View-UN-Notices-Individuals click here"
QDe.132|TEHRIK-E TALIBAN PAKISTAN (TTP)Name (original script): تحریک طالبان پاکستان|a) Tehrik-I-Taliban Pakistan b) Tehrik-e-Taliban c) Pakistani Taliban d) Tehreek-e-Taliban|na|na|29 Jul. 2011|"Tehrik-e Taliban is based in the tribal areas along the Afghanistan/Pakistan
                     border. Formed in 2007, its leader is Maulana Fazlullah (QDi.352). Review pursuant to Security Council resolution 2368 (2017)
                     was concluded on 24 November 2020. INTERPOL-UN Security Council Special Notice web link:https://www.interpol.int/en/How-we-work/Notices/View-UN-Notices-Individuals click here"
QDe.133|JEMMAH ANSHORUT TAUHID (JAT)|a) Jemaah Anshorut Tauhid b) Jemmah Ansharut Tauhid c) Jem’mah Ansharut Tauhid d) Jamaah Ansharut Tauhid e) Jama’ah Ansharut Tauhid f) Laskar 99|na|Jl. Semenromo number 58, 04/XV Ngruki, Cemani, Grogol, Sukoharjo, Jawa Tengah, Indonesia (Telephone: 0271-2167285, Email: info@ansharuttauhid.com)|12 Mar. 2012|"A group affiliated with the Islamic State in Iraq and the Levant (ISIL), listed
                     as Al-Qaida in Iraq (QDe.115), that has perpetrated attacks in Indonesia. Founded
                     and led by Abu Bakar Ba'asyir (QDi.217). Established on 27 Jul. 2008 in Solo,
                     Indonesia. Had been associated with Jemmah Islamiya (JI) (QDe.092). Review pursuant
                     to Security Council resolution 2253 (2015) was concluded on 7 June 2018. Website:
                     http://ansharuttauhid.com/
                     Review pursuant to Security Council resolution 2368 (2017) was concluded on 15 November 2021. INTERPOL-UN Security Council
                     Special Notice web link:https://www.interpol.int/en/How-we-work/Notices/View-UN-Notices-Individuals click here"
TAe.010|HAJI KHAIRULLAH HAJI SATTAR MONEY EXCHANGEName (original script): حاجی خيرالله و حاجی ستار صرافی|a) Haji Khairullah-Haji Sattar Sarafi b) Haji Khairullah and Abdul Sattar and Company c) Haji Khairullah Money Exchange d) Haji Khair Ullah Money Service e) Haji Salam Hawala f) Haji Hakim Hawala g) Haji Alim Hawala h) Sarafi-yi Haji Khairullah Haji Satar Haji Esmatullah|na|"a)  (Branch Office 1: i) Chohar Mir Road, Kandahari Bazaar, Quetta City, Baluchistan Province, Pakistan; ii) Room number 1, Abdul
                     Sattar Plaza, Hafiz Saleem Street, Munsafi Road, Quetta, Baluchistan Province, Pakistan iii) Shop number 3, Dr. Bano Road,
                     Quetta, Baluchistan Province, Pakistan iv) Office number 3, Near Fatima Jinnah Road, Dr. Bano Road, Quetta, Baluchistan Province,
                     Pakistan v) Kachara Road, Nasrullah Khan Chowk, Quetta, Baluchistan Province, Pakistan vi) Wazir Mohammad Road, Quetta, Baluchistan
                     Province, Pakistan;) b)  (Branch Office 2: Peshawar, Khyber Paktunkhwa Province, Pakistan;) c)  (Branch Office 3: Moishah Chowk Road, Lahore, Punjab Province, Pakistan;) d)  (Branch Office 4: Karachi, Sindh Province, Pakistan;) e)  (Branch Office 5: i) Larran Road number 2, Chaman, Baluchistan Province, Pakistan ii) Chaman Central Bazaar, Chaman, Baluchistan
                     Province, Pakistan) f)  (Branch Office 6: Shop number 237, Shah Zada Market (also known as Sarai Shahzada), Puli Khishti area, Police District 1, Kabul,
                     Afghanistan, Telephone: +93-202-103386, +93-202-101714, 0202-104748, Mobile: +93-797-059059, +93-702-222222, e-mail: helmand_exchange_msp@yahoo.com) g)  (Branch Office 7: i) Shops number 21 and 22, 2nd Floor, Kandahar City Sarafi Market, Kandahar City, Kandahar Province, Afghanistan
                     ii) New Sarafi Market, 2nd Floor, Kandahar City, Kandahar Province, Afghanistan iii) Safi Market, Kandahar City, Kandahar
                     Province, Afghanistan) h)  (Branch Office 8: Gereshk City, Nahr-e Saraj District, Helmand Province, Afghanistan) i)  (Branch Office 9: i) Lashkar Gah Bazaar, Lashkar Gah, Lashkar Gah District, Helmand Province, Afghanistan ii) Haji Ghulam Nabi
                     Market, 2nd Floor, Lashkar Gah District, Helmand Province, Afghanistan) j)  (Branch Office 10: i) Suite numbers 196-197, 3rd Floor, Khorasan Market, Herat City, Herat Province, Afghanistan ii) Khorasan
                     Market, Shahre Naw, District 5, Herat City, Herat Province, Afghanistan) k)  (Branch Office 11: i) Sarafi Market, Zaranj District, Nimroz Province, Afghanistan ii) Ansari Market, 2nd Floor, Nimroz Province,
                     Afghanistan) l)  (Branch Office 12: Sarafi Market, Wesh, Spin Boldak District, Afghanistan) m)  (Branch Office 13: Sarafi Market, Farah, Afghanistan) n)  (Branch Office 14: Dubai, United Arab Emirates) o)  (Branch Office 15: Zahedan, Iran) p)  (Branch Office 16: Zabul, Iran)"|29 Jun. 2012|"Pakistan National Tax Number: 1774308; Pakistan National Tax Number:
                     0980338; Pakistan National Tax Number: 3187777; Afghan Money Service Provider License
                     Number: 044. Haji Khairullah Haji Sattar Money Exchange was used by Taliban leadership
                     to transfer money to Taliban commanders to fund fighters and operations in Afghanistan
                     as of 2011. Associated with Abdul Sattar Abdul Manan (TAi.162) and Khairullah Barakzai
                     Khudai Nazar (TAi.163). INTERPOL-UN Security Council Special Notice web link:https://www.interpol.int/en/How-we-work/Notices/View-UN-Notices-Individuals click here"
TAe.011|ROSHAN MONEY EXCHANGEName (original script): صرافی روشان|a) Roshan Sarafi b) Roshan Trading Company c) Rushaan Trading Company d) Roshan Shirkat e) Maulawi Ahmed Shah Hawala f) Mullah Ahmed Shah Hawala g) Haji Ahmad Shah Hawala h) Ahmad Shah Hawala|na|"a)  (Branch Office 1: i) Shop number 1584, Furqan (variant Fahr Khan) Center, Chalhor Mal Road,Quetta, Baluchistan Province, Pakistan
                     ii) Flat number 4, Furqan Center, Jamaluddin Afghani Road, Quetta, Baluchistan Province, Pakistan iii) Office number 4, 2nd
                     Floor , Muslim Plaza Building, Doctor Banu Road, Quetta, Baluchistan Province, Pakistan iv) Cholmon Road, Quetta, Baluchistan
                     Province, Pakistan v) Munsafi Road, Quetta, Baluchistan Province, Pakistan vi) Shop number 1, 1st Floor, Kadari Place, Abdul
                     Samad Khan Street (next to Fatima Jena Road), Quetta, Baluchistan Province, Pakistan) b)  (Branch Office 2: i) Safar Bazaar, Garmser District, Helmand Province, Afghanistan ii) Main Bazaar, Safar, Helmand Province,
                     Afghanistan) c)  (Branch Office 3: i) Haji Ghulam Nabi Market, Lashkar Gah, Helmand Province, Afghanistan ii) Money Exchange Market, Lashkar
                     Gah, Helmand Province, Afghanistan iii) Lashkar Gah Bazaar, Helmand Province, Afghanistan) d)  (Branch Office 4: Hazar Joft, Garmser District, Helmand Province, Afghanistan) e)  (Branch Office 5: Ismat Bazaar, Marjah District, Helmand Province, Afghanistan) f)  (Branch Office 6: Zaranj, Nimruz Province, Afghanistan) g)  (Branch Office 7: i) Suite number 8, 4th Floor, Sarafi Market, District number 1, Kandahar City, Kandahar Province, Afghanistan
                     ii) Shop number 25, 5th Floor, Sarafi Market, Kandahar City, Kandahar District, Kandahar Province, Afghanistan) h)  (Branch Office 8: Lakri City, Helmand Province, Afghanistan) i)  (Branch Office 9: Gerd-e-Jangal, Chaghi District, Baluchistan Province, Pakistan) j)  (Branch Office 10: Chaghi, Chaghi District, Baluchistan Province, Pakistan) k)  (Branch Office 11: Aziz Market, in front of Azizi Bank, Waish Border, Spin Boldak District, Kandahar Province, Afghanistan)"|29 Jun. 2012|"Roshan Money Exchange stores and transfers funds to support Taliban
                     military operations and narcotics trade in Afghanistan. Owned by Ahmed Shah Noorzai
                     Obaidullah (TAi.166). INTERPOL-UN Security Council Special Notice web link:https://www.interpol.int/en/How-we-work/Notices/View-UN-Notices-Individuals click here"
TAe.012|HAQQANI NETWORK (HQN)Name (original script): شبکه حقانی|na|na|na|5 Nov. 2012|"Network of Taliban fighters centered around the border between Khost
                     Province, Afghanistan and North Waziristan, Pakistan. Founded by Jalaluddin Haqqani
                     (TAi.040) and currently headed by his son Sirajuddin Jallaloudine Haqqani (TAi.144).
                     Other listed members include Nasiruddin Haqqani (TAi.146), Sangeen Zadran Sher Mohammad
                     (TAi.152), Abdul Aziz Abbasin (TAi.155), Fazl Rabi (TAi.157), Ahmed Jan Wazir (TAi.159),
                     Bakht Gul (TAi.161), Abdul Rauf Zakir (TAi.164). Responsible for suicide attacks and
                     targeted assassination as well as kidnappings in Kabul and other provinces of
                     Afghanistan. Linked to Al-Qaida (QDe.004), Islamic Movement of Uzbekistan (QDe.010),
                     Tehrik-e Taliban Pakistan (QDe.132), Lashkar I Jhangvi (QDe.096), and Jaish-IMohammed
                     (QDe.019). INTERPOL-UN Security Council Special Notice web link:https://www.interpol.int/en/How-we-work/Notices/View-UN-Notices-Individuals click here"
TAe.013|RAHAT LTD.Name (original script): راحت لمتد|a) Rahat Trading Company b) Haji Muhammad Qasim Sarafi c) New Chagai Trading d) Musa Kalim Hawala|na|"a)  (Branch Office 1: Room number 33, 5th Floor, Sarafi Market, Kandahar city, Kandahar Province, Afghanistan) b)  (Branch Office 2: Shop number 4, Azizi Bank, Haji Muhammad Isa Market, Wesh, Spin Boldak, Kandahar Province, Afghanistan) c)  (Branch Office 3: Safaar Bazaar, Garmser District, Helmand Province, Afghanistan) d)  (Branch Office 4: Lashkar Gah, Helmand Province, Afghanistan) e)  (Branch Office 5: Gereshk District, Helmand Province, Afghanistan) f)  (Branch Office 6: Zaranj District, Nimroz Province, Afghanistan) g)  (Branch Office 7: i) Dr Barno Road, Quetta, Pakistan ii) Haji Mohammed Plaza, Tol Aram Road, near Jamaluddin Afghani Road,
                     Quetta, Pakistan iii) Kandahari Bazaar, Quetta, Pakistan) h)  (Branch Office 8: Chaman, Baluchistan Province, Pakistan) i)  (Branch Office 9: Chaghi Bazaar, Chaghi, Baluchistan Province, Pakistan) j)  (Branch Office 10: Zahedan, Zabol Province, Iran)"|21 Nov. 2012|"Rahat Ltd. was used by Taliban leadership to transfer funds originating
                     from external donors and narcotics trafficking to finance Taliban activity as of 2011
                     and 2012. Owned by Mohammed Qasim Mir Wali Khudai Rahim (TAi.165). Also associated
                     Mohammad Naim Barich Khudaidad (TAi.013). INTERPOL-UN Security Council Special Notice web link:https://www.interpol.int/en/How-we-work/Notices/View-UN-Notices-Individuals click here"
QDe.134|"MOUVEMENT POUR L’UNIFICATION ET LE JIHAD EN AFRIQUE DE L’OUEST (MUJAO)Name (original script): حركة التوحيد والجهاد في
                     غرب إفريقيا"|na|na|a) Mali b) Algeria|5 Dec. 2012|"Associated with The Organization of Al-Qaida in the Islamic Maghreb (QDe.014) and Mokhtar Belmokhtar (QDi.136). Active in
                     the Sahel/Sahara region. Review pursuant to Security Council resolution 2368 (2017) was concluded on 15 November 2021. INTERPOL-UN
                     Security Council Special Notice web link:https://www.interpol.int/en/How-we-work/Notices/View-UN-Notices-Individuals click here"
QDe.135|ANSAR EDDINEName (original script): انصار الدين|Ansar Dine|na|Mali|20 Mar. 2013|"Was founded in December 2011 by Iyad ag Ghali (QDi.316). Linked to the
                     Organization of Al-Qaida in the Islamic Maghreb (QDe.014) and Mouvement pour
                     l’Unification et le Jihad en Afrique de l’Ouest (MUJAO) (QDe.134). Associated with
                     Abdelmalek Droukdel (QDi.232). Review pursuant to Security Council resolution 2253 (2015) was concluded on 21 Feb. 2019. Review
                     pursuant to Security Council resolution 2610 (2021) was concluded on 8 November 2022.  INTERPOL-UN Security Council Special
                     Notice web link:https://www.interpol.int/en/How-we-work/Notices/View-UN-Notices-Individuals click here"
QDe.136|MUHAMMAD JAMAL NETWORK (MJN)Name (original script): شبكة محمد جمال|a) Muhammad Jamal Group b) Jamal Network c) Abu Ahmed Group d) Al-Qaida in Egypt (AQE)|na|na|21 Oct. 2013|"Terrorist and paramilitary group established by Muhammad Jamal al Kashif (QDi.318) in 2011 and linked to Al-Qaida (QDe.004),
                     Aiman al-Zawahiri (QDi.006), and the leadership of Al-Qaida in the Arabian Peninsula (AQAP) (QDe.129) and the Organization
                     of Al-Qaida in the Islamic Maghreb (AQIM) (QDe.014). Funded and supported by AQAP. Multiple terrorist training camps in Egypt
                     and Libya. Reportedly acquiring weapons, conducting training and establishing terrorist groups in the Sinai, Egypt. Training
                     suicide bombers, foreign fighters and planning terrorist attacks in Egypt, Libya and elsewhere as of Sep. 2013. MJN members
                     were reported to be involved in the attack on the United States Mission in Benghazi, Libya, on 11 Sep. 2012. Review pursuant
                     to Security Council resolution 2253 (2015) was concluded on 21 Feb. 2019. Review pursuant to Security Council resolution 2610
                     (2021) was concluded on 8 November 2022.  INTERPOL-UN Security Council Special Notice web link:https://www.interpol.int/en/How-we-work/Notices/View-UN-Notices-Individuals click here"
KPe.001|KOREA MINING DEVELOPMENT TRADING CORPORATION|"a) CHANGGWANG SINYONG CORPORATION b) EXTERNAL TECHNOLOGY GENERAL CORPORATION c) DPRKN MINING DEVELOPMENT TRADING COOPERATION d) ""KOMID"""|na|Central District, Pyongyang, Democratic People's Republic of Korea|24 Apr. 2009|"Primary arms dealer and main exporter of goods and equipment related to
                     ballistic missiles and conventional weapons."
KPe.002|KOREA RYONBONG GENERAL CORPORATION|KOREA YONBONG GENERAL CORPORATION|LYONGAKSAN GENERAL TRADING CORPORATION|a) Pot’onggang District, Pyongyang, Democratic People's Republic of Korea b) Rakwon-dong, Pothonggang District, Pyongyang, Democratic People's Republic of Korea|24 Apr. 2009|"Defense conglomerate specializing in acquisition for DPRK defense
                     industries and support to that country’s military-related sales."
KPe.003|TANCHON COMMERCIAL BANK|na|a) CHANGGWANG CREDIT BANK b) KOREA CHANGGWANG CREDIT BANK|Saemul 1-Dong Pyongchon District, Pyongyang, Democratic People's Republic of Korea|24 Apr. 2009|"Main DPRK financial entity for sales of conventional arms, ballistic missiles, and goods related to the assembly and manufacture
                     of such weapons."
KPe.004|NAMCHONGANG TRADING CORPORATION|a) NCG b) NAMCHONGANG TRADING c) NAM CHON GANG CORPORATION d) NOMCHONGANG TRADING CO. e) NAM CHONG GAN TRADING CORPORATION f) Namhung Trading Corporation g) Korea Daeryonggang Trading Corporation h) Korea Tearyonggang Trading Corporation|na|a) Chilgol, Pyongyang, Democratic People's Republic of Korea b) Sengujadong 11-2/(or Kwangbok-dong), Mangyongdae District, Pyongyang, Democratic People's Republic of Korea|16 Jul. 2009|"Namchongang is a DPRK trading company subordinate to the General Bureau of Atomic Energy (GBAE). Namchongang has been involved
                     in the procurement of Japanese origin vacuum pumps that were identified at a DPRK nuclear facility, as well as nuclear-related
                     procurement associated with a German individual. It has further been involved in the purchase of aluminum tubes and other
                     equipment specifically suitable for a uranium enrichment program from the late 1990s. Its representative is a former diplomat
                     who served as DPRK’s representative for the IAEA inspection of the Yongbyon nuclear facilities in 2007. Namchongang's proliferation
                     activities are of grave concern given the DPRK’s past proliferation activities. Telephone numbers: +850-2-18111, 18222 (ext.
                     8573). Facsimile number: +850-2-381-4687."
KPe.005|HONG KONG ELECTRONICS|HONG KONG ELECTRONICS KISH CO.|na|Sanaee Street, Kish Island, Iran (Islamic Republic of)|16 Jul. 2009|"Owned or controlled by, or acts or purports to act for or on behalf of Tanchon Commercial Bank and KOMID. Hong Kong Electronics
                     has transferred millions of dollars of proliferation-related funds on behalf of Tanchon Commercial Bank and KOMID (both designated
                     by the Committee in April 2009) since 2007. Hong Kong Electronics has facilitated the movement of money from Iran to the DPRK
                     on behalf of KOMID."
KPe.006|KOREA HYOKSIN TRADING CORPORATION|KOREA HYOKSIN EXPORT AND IMPORT CORPORATION|na|Rakwon-dong, Pothonggang District, Pyongyang, Democratic People's Republic of Korea|16 Jul. 2009|"A DPRK company based in Pyongyang that is subordinate to Korea Ryonbong General Corporation (designated by the Committee in
                     April 2009) and is involved in the development of WMD."
KPe.008|KOREAN TANGUN TRADING CORPORATION|a) Kuryonggang Trading Corporation b) Ryungseng Trading Corporation c) Ryung Seng Trading Corporation d) Ryungsong Trading Corporation e) Kore Kuryonggang Trading Corporation|na|Pyongyang, Democratic People's Republic of Korea|16 Jul. 2009|"Korea Tangun Trading Corporation is subordinate to DPRK’s Second Academy of Natural Sciences and is primarily responsible
                     for the procurement of commodities and technologies to support DPRK’s defense research and development programs, including,
                     but not limited to, WMD and delivery system programs and procurement, including materials that are controlled or prohibited
                     under relevant multilateral control regimes."
KPe.009|AMROGGANG DEVELOPMENT BANKING CORPORATION|a) AMROGGANG Development Bank b) Amnokkang Development Bank|na|Tongan-dong, Pyongyang, Democratic People's Republic of Korea|2 May 2012|"Amroggang, which was established in 2006, is a Tanchon Commercial Bank-related company managed by Tanchon officials. Tanchon
                     plays a role in financing KOMID’s sales of ballistic missiles and has also been involved in ballistic missile transactions
                     from KOMID to Iran’s Shahid Hemmat Industrial Group (SHIG). Tanchon Commercial Bank was designated by the Committee in April
                     2009 and is the main DPRK financial entity for sales of conventional arms, ballistic missiles, and goods related to the assembly
                     and manufacture of such weapons. KOMID was designated by the Committee in April 2009 and is the DPRK’s primary arms dealer
                     and main exporter of goods and equipment related to ballistic missiles and conventional weapons. The Security Council designated
                     SHIG in resolution 1737 (2006) as an entity involved in Iran’s ballistic missile programme."
KPe.010|GREEN PINE ASSOCIATED CORPORATION|a) CHO'NGSONG UNITED TRADING COMPANY b) CHONGSONG YONHAP c) CH'O'NGSONG YO'NHAP d) CHOSUN CHAWO'N KAEBAL T'UJA HOESA e) JINDALLAE f) KU'MHAERYONG COMPANY LTD. g) NATURAL RESOURCES DEVELOPMENT AND INVESTMENT CORPORATION h) SAEINGP'IL COMPANY i) National Resources Development and Investment Corporation j) Saeng Pil Trading Corporation|na|a) c/o Reconnaissance General Bureau Headquarters, Hyongjesan-Guyok, Pyongyang, Democratic People's Republic of Korea b) Nungrado, Pyongyang, Democratic People's Republic of Korea c) Rakrang No. 1 Rakrang District Pyongyang Korea, Chilgol-1 dong, Mangyongdae District, Pyongyang, Democratic People's Republic of Korea|2 May 2012|"Green Pine Associated Corporation (“Green Pine”) has taken over many of the activities of the Korea Mining Development Trading
                     Corporation (KOMID). KOMID was designated by the Committee in April 2009 and is the DPRK's primary arms dealer and main exporter
                     of goods and equipment related to ballistic missiles and conventional weapons. Green Pine is also responsible for approximately
                     half of the arms and related materiel exported by the DPRK. Green Pine has been identified for sanctions for exporting arms
                     or related material from North Korea. Green Pine specializes in the production of maritime military craft and armaments, such
                     as submarines, military boats and missile systems, and has exported torpedoes and technical assistance to Iranian defence-related
                     firms. Telephone number: +850-2-18111(ext. 8327). Facsimile number: +850-2-3814685 and +850-2-3813372. Email addresses: pac@silibank.com
                     and kndic@co.chesin.com."
KPe.011|KOREA HEUNGJIN TRADING COMPANY|a) Hunjin TRADING Co. b) Korea Henjin Trading Co. c) Korea Hengjin Trading Company|na|Pyongyang, Democratic People's Republic of Korea|2 May 2012|"The Korea Heungjin Trading Company is used by KOMID for trading purposes.
                     We suspect it has been involved in supplying missile-related goods to Iran’s Shahid
                     Hemmat Industrial Group (SHIG). Heungjin has been associated with KOMID, and, more
                     specifically, KOMID’s procurement office. Heungjin has been used to procure an advanced
                     digital controller with applications in missile design. KOMID was designated by the
                     Committee in April 2009 and is the DPRK’s primary arms dealer and main exporter of goods
                     and equipment related to ballistic missiles and conventional weapons. The Security
                     Council designated SHIG in resolution 1737 (2006) as an entity involved in Iran’s
                     ballistic missile programme."
KPe.012|KOREAN COMMITTEE FOR SPACE TECHNOLOGY|a) DPRK Committee for Space Technology b) Department of Space Technology of the DPRK c) Committee for Space Technology d) KCST|na|Pyongyang, Democratic People's Republic of Korea|22 Jan. 2013|"The Korean Committee for Space Technology (KCST) orchestrated the DPRK’s launches on 13 April 2012 and 12 December 2012 via
                     the satellite control center and Sohae launch area."
KPe.013|BANK OF EAST LAND|a) Dongbang BANK b) TONGBANG U’NHAENG c) TONGBANG BANK|na|PO Box 32, BEL Building, Jonseung-Dung, Moranbong District, Pyongyang, Democratic People's Republic of Korea|22 Jan. 2013|"DPRK financial institution Bank of East Land facilitates weapons-related transactions for, and other support to, arms manufacturer
                     and exporter Green Pine Associated Corporation (Green Pine). Bank of East Land has actively worked with Green Pine to transfer
                     funds in a manner that circumvents sanctions. In 2007 and 2008, Bank of East Land facilitated transactions involving Green
                     Pine and Iranian financial institutions, including Bank Melli and Bank Sepah. The Security Council designated Bank Sepah in
                     resolution 1747 (2007) for providing support to Iran’s ballistic missile program. Green Pine was designated by the Committee
                     in April 2012."
KPe.014|KOREA KUMRYONG TRADING CORPORATION|na|na|na|22 Jan. 2013|"Used as an alias by the Korea Mining Development Trading Corporation (KOMID) to carry out procurement activities. KOMID was
                     designated by the Committee in April 2009 and is the DPRK’s primary arms dealer and main exporter of goods and equipment related
                     to ballistic missiles and conventional weapons."
KPe.015|TOSONG TECHNOLOGY TRADING CORPORATION|na|na|Pyongyang, Democratic People's Republic of Korea|22 Jan. 2013|"The Korea Mining Development Corporation (KOMID) is the parent company of Tosong Technology Trading Corporation. KOMID was
                     designated by the Committee in April 2009 and is the DPRK’s primary arms dealer and main exporter of goods and equipment related
                     to ballistic missiles and conventional weapons."
KPe.016|KOREA RYONHA MACHINERY JOINT VENTURE CORPORATION|a) Chosun Yunha Machinery Joint Operation Company b) Korea Ryenha Machinery J/V Corporation c) Ryonha Machinery Joint Venture Corporation d) Ryonha Machinery Corporation e) Ryonha Machinery f) Ryonha Machine Tool g) Ryonha Machine Tool Corporation h) Ryonha Machinery Corp. i) Ryonhwa Machinery Joint Venture Corporation j) Ryonhwa Machinery JV k) Huichon Ryonha Machinery General Plant l) Unsan m) Unsan Solid Tools n) Millim Technology Company o) 朝鲜联合机械贸易会社|na|a) Tongan-dong, Central District, Pyongyang, Democratic People's Republic of Korea b) Mangungdae-gu, Pyongyang, Democratic People's Republic of Korea c) Mangyongdae District, Pyongyang, Democratic People's Republic of Korea|22 Jan. 2013|"Korea Ryonbong General Corporation is the parent company of Korea Ryonha Machinery Joint Venture Corporation. Korea Ryonbong
                     General Corporation was designated by the Committee in April 2009 and is a defense conglomerate specializing in acquisition
                     for DPRK defense industries and support to that country's military-related sales. Email addresses: ryonha@silibank.com; sjc-117@hotmail.com;
                     and millim@silibank.com. Telephone numbers: 850-2-18111; 850-2-18111-8642; and 850 2 18111-3818642. Facsimile number: 850-2-381-4410"
KPe.017|LEADER (HONG KONG) INTERNATIONAL|a) Leader International Trading Limited b) Leader (Hong Kong) International Trading Limited|na|LM-873, RM B, 14/F, Wah Hen Commercial Centre, 383 Hennessy Road, Wanchai, China, Hong Kong Special Administrative Region (China, Hong Kong Special Administrative Region)|22 Jan. 2013|"Facilitates shipments on behalf of the Korea Mining Development Trading Corporation (KOMID). KOMID was designated by the Committee
                     in April 2009 and is the DPRK’s primary arms dealer and main exporter of goods and equipment related to ballistic missiles
                     and conventional weapons. Hong Kong company registration number 1177053."
KPe.018|SECOND ACADEMY OF NATURAL SCIENCES|a) 2ND ACADEMY OF NATURAL SCIENCES b) CHE 2 CHAYON KWAHAKWON c) ACADEMY OF NATURAL SCIENCES d) CHAYON KWAHAK-WON e) NATIONAL DEFENSE ACADEMY f) KUKPANG KWAHAK-WON g) SECOND ACADEMY OF NATURAL SCIENCES RESEARCH INSTITUTE h) SANSRI|na|Pyongyang, Democratic People's Republic of Korea|7 Mar. 2013|"The Second Academy of Natural Sciences is a national-level organization responsible for research and development of the DPRK’s
                     advanced weapons systems, including missiles and probably nuclear weapons. The Second Academy of Natural Sciences uses a number
                     of subordinate organizations to obtain technology, equipment, and information from overseas, including Tangun Trading Corporation,
                     for use in the DPRK’s missile and probably nuclear weapons programs. Tangun Trading Corporation was designated by the Committee
                     in July 2009 and is primarily responsible for the procurement of commodities and technologies to support DPRK’s defense research
                     and development programs, including, but not limited to, weapons of mass destruction and delivery system programs and procurement,
                     including materials that are controlled or prohibited under relevant multilateral control regimes."
KPe.019|KOREA COMPLEX EQUIPMENT IMPORT CORPORATION|na|na|Rakwon-dong, Pothonggang District, Pyongyang, Democratic People's Republic of Korea|7 Mar. 2013|"Korea Ryonbong General Corporation is the parent company of Korea Complex Equipment Import Corporation. Korea Ryonbong General
                     Corporation was designated by the Committee in April 2009 and is a defense conglomerate specializing in acquisition for DPRK
                     defense industries and support to that country’s military-related sales."
LYe.001|LIBYAN INVESTMENT AUTHORITY|Libyan Foreign Investment Company (LFIC)|na|1 Fateh Tower Office, No 99 22nd Floor, Borgaida Street, Tripoli, 1103, Libya|17 Mar. 2011|"Listed pursuant to paragraph 17 of resolution 1973, as modified on 16
                     September pursuant to paragraph 15 of resolution 2009. INTERPOL-UN Security Council Special Notice web link:https://www.interpol.int/en/How-we-work/Notices/View-UN-Notices-Individuals click here"
LYe.002|LIBYAN AFRICA INVESTMENT PORTFOLIO|na|na|Jamahiriya Street, LAP Building, PO Box 91330, Tripoli, Libya|17 Mar. 2011|"Listed pursuant to paragraph 17 of resolution 1973, as modified on 16
                     September pursuant to paragraph 15 of resolution 2009. INTERPOL-UN Security Council Special Notice web link:https://www.interpol.int/en/How-we-work/Notices/View-UN-Notices-Individuals click here"
CDe.002|BUTEMBO AIRLINES (BAL)|na|na|Butembo, Democratic Republic of the Congo|29 Mar. 2007|"Privately-owned airline, operates out of Butembo. Since December 2008, BAL no longer holds an aircraft operating license in
                     the DRC. INTERPOL-UN Security Council Special Notice web link:https://www.interpol.int/en/How-we-work/Notices/View-UN-Notices-Individuals click here"
CDe.004|CONGOMET TRADING HOUSE|na|na|na|29 Mar. 2007|"No longer exists as a gold trading house in Butembo, North
                     Kivu. INTERPOL-UN Security Council Special Notice web link:https://www.interpol.int/en/How-we-work/Notices/View-UN-Notices-Individuals click here"
CDe.003|COMPAGNIE AERIENNE DES GRANDS LACS (CAGL) ; GREAT LAKES BUSINESS COMPANY (GLBC)|CAGL|na|a) Avenue Président Mobutu, Goma, Democratic Republic of the Congo b) Gisenyi, Rwanda c) PO BOX 315, Goma, Democratic Republic of the Congo|29 Mar. 2007|"As of December 2008, GLBC no longer had any operational aircraft,
                     although several aircraft continued flying in 2008 despite UN sanctions. INTERPOL-UN Security Council Special Notice web link:https://www.interpol.int/en/How-we-work/Notices/View-UN-Notices-Individuals click here"
CDe.005|FORCES DEMOCRATIQUES DE LIBERATION DU RWANDA (FDLR)|a) FDLR b) Force Combattante Abacunguzi c) Combatant Force for the Liberation of Rwanda d) FOCA|na|a) North Kivu, Democratic Republic of the Congo b) South Kivu, Democratic Republic of the Congo|31 Dec. 2012|"Email: Fdlr@fmx.de; fldrrse@yahoo.fr; fdlr@gmx.net; fdlrsrt@gmail.com;
                     humura2020@gmail.com. INTERPOL-UN Security Council Special Notice web link:https://www.interpol.int/en/How-we-work/Notices/View-UN-Notices-Individuals click here"
CDe.006|M23|Mouvement du 23 mars|na|na|31 Dec. 2012|e-mail: mouvementdu23mars1@gmail.com INTERPOL-UN Security Council Special Notice web link:https://www.interpol.int/en/How-we-work/Notices/View-UN-Notices-Individuals click here
CDe.007|MACHANGA LTD|na|na|Plot 55A, Upper Kololo Terrace, Kampala, Uganda|29 Mar. 2007|"Gold export company (Directors: Mr. Rajendra Kumar Vaya and Mr. Hirendra
                     M. Vaya). In 2010, assets belonging to Machanga, held in the account of Emirates Gold,
                     were frozen by Bank of Nova Scotia Mocatta (UK). The owners of Machanga have remained
                     involved in purchasing gold from eastern DRC. Machanga Ltd last filed an annual return in 2004 and was listed as “status inactive”
                     according to the authorities of the Republic of Uganda. INTERPOL-UN Security Council Special Notice web link:https://www.interpol.int/en/How-we-work/Notices/View-UN-Notices-Individuals click here"
CDe.008|TOUS POUR LA PAIX ET LE DEVELOPPEMENT (NGO)|TPD|na|Goma, North Kivu, Democratic Republic of the Congo|1 Nov. 2005|"Goma, with provincial committees in South Kivu, Kasai Occidental, Kasai
                     Oriental and Maniema Officially suspended all activities since 2008. In practice, as of
                     June 2011 TPD offices are open and involved in cases related to returns of IDPs,
                     community reconciliation initiatives, land conflict settlements, etc. The TPD President
                     is Eugene Serufuli and Vice-President is Saverina Karomba. Important members include
                     North Kivu provincial deputies Robert Seninga and Bertin Kirivita. INTERPOL-UN Security Council Special Notice web link:https://www.interpol.int/en/How-we-work/Notices/View-UN-Notices-Individuals click here"
CDe.009|UGANDA COMMERCIAL IMPEX (UCI) LTD|na|na|a) Plot 22, Kanjokya Street, Kamwokya, Kampala, Uganda (Tel.: +256 41 533 578/9) b) PO BOX 22709, Kampala, Uganda|29 Mar. 2007|"Gold export company. (Directors Mr. Jamnadas V. LODHIA – known as
                     “Chuni”- and his sons Mr. Kunal LODHIA and Jitendra J. LODHIA). In January 2011, Ugandan
                     authorities notified the Committee that following an exemption on its financial
                     holdings, Emirates Gold repaid UCI’s debt to Crane Bank in Kampala, leading to final
                     closure of its accounts. The directors of UCI have remained involved in purchasing gold
                     from eastern DRC. Uganda Commercial Impex (UCI) Ltd last filed a return in 2013 and was listed as “Inactive – status inactive”
                     by the authorities of the Republic of Uganda.  INTERPOL-UN Security Council Special Notice web link:https://www.interpol.int/en/How-we-work/Notices/View-UN-Notices-Individuals click here"
SOe.001|AL-SHABAAB|a) AL-SHABAB b) SHABAAB c) THE YOUTH d) MUJAHIDIN AL-SHABAAB MOVEMENT e) MUJAHIDEEN YOUTH MOVEMENT f) MUJAHIDIN YOUTH MOVEMENT g) MYM h) HARAKAT SHABAB AL-MUJAHIDIN i) HIZBUL SHABAAB j) HISB’UL SHABAAB k) AL-SHABAAB AL-ISLAMIYA l) YOUTH WING m) AL-SHABAAB AL-ISLAAM n) AL-SHABAAB AL-JIHAAD o) THE UNITY OF ISLAMIC YOUTH p) HARAKAT AL - SHABAAB AL - MUJAAHIDIIN q) HARAKATUL SHABAAB AL MUJAAHIDIIN r) MUJAAHIDIIN YOUTH MOVEMENT|na|na|12 Apr. 2010|INTERPOL-UN Security Council Special Notice web link:https://www.interpol.int/en/How-we-work/Notices/View-UN-Notices-Individuals click here
KPe.020|OCEAN MARITIME MANAGEMENT COMPANY, LIMITED (OMM)|a) East Sea Shipping Company b) Korea Mirae Shipping Co. Ltd c) Haeyang Crew Management Company|na|a) Donghung Dong, Central District, PO Box 120, Pyongyang, Democratic People's Republic of Korea b) Dongheung-dong Changgwang Street, Chung-Ku, PO Box 125, Pyongyang, Democratic People's Republic of Korea|28 Jul. 2014|"Ocean Maritime Management Company, Limited is the operator/manager of the vessel Chong Chon Gang. It played a key role in
                     arranging the shipment of concealed cargo of arms and related materiel from Cuba to the DPRK in July 2013. As such, Ocean
                     Maritime Management Company, Limited contributed to activities prohibited by the resolutions, namely the arms embargo imposed
                     by resolution 1718 (2006), as modified by resolution 1874 (2009), and contributed to the evasion of the measures imposed by
                     these resolutions. International Maritime Organization (IMO) Number: 1790183."
IQe.049|IDLEB COMPANY FOR SPINNING|na|na|P.O. Box 9, Idleb, Iraq|26 Apr. 2004|
IQe.197|AL WASEL AND BABEL GENERAL TRADING LLC|na|na|a) Ibrahim Saeed Lootah Building, Al Ramool Street, P.O. Box 10631 & 638, Rashidiya, Dubai, Dubai, United Arab Emirates b) Lootah Building, Airport Road, near Aviation Club, Rashidya, Dubai, United Arab Emirates c) Villa in the Harasiyah area, Baghdad, Iraq|26 Apr. 2004|
IQe.199|AVIATRANS ANSTALT|AVIATRANS ESTABLISHMENT|na|Ruggell, Liechtenstein|26 Apr. 2004|
IQe.200|LOGARCHEO S.A.|na|LOGARCHEO AG|Chemin du Carmel, 1661 Le Paquier-Montbarry, Switzerland|26 Apr. 2004|Federal No.: CH-2 17-0-431-423-3 (Switzerland)
IQe.203|Al-ARABI TRADING COMPANY|na|na|a) Hai Babil, Lane 11, District 929, Bagdad, Iraq b) Hai Al-Wahda, Lane 15, Area 902, Office 10, Baghdad, Iraq c) P.O. Box 2337, Alwiyah, Bagdad, Iraq|26 Apr. 2004|
IQe.204|AL-BASHAIR TRADING COMPANY, LTD|a) AL-BASHAER TRADING COMPANY, LTD b) AL-BASHIR TRADING COMPANY, LTD c) AL-BASHA'IR TRADING COMPANY, LTD d) AL-BASHAAIR TRADING COMPANY, L TD e) AL-BUSHAIR TRADING COMPANY, LTD|na|Sadoon St, Al-Ani Building, first floor, Bagdad, Iraq|26 Apr. 2004|
IQe.205|TRADING AND TRANSPORT SERVICES COMPANY, LTD|na|na|a) Al-Razi Medical Complex, Jabal Al-Hussein, Amman, Jordan b) P.O. Box 212953, Amman 11121, Jordan c) P.O. Box 910606, Amman 11191, Jordan|2 Jun. 2004|
IQe.206|ALFA COMPANY LIMITED FOR INTERNATIONAL TRADING AND MARKETING|a) ALFA TRADING COMPANY b) ALFA INVESTMENT AND INTERNATIONAL TRADING|na|P.O. Box 910606, Amman, 11191 , Jordan|2 Jun. 2004|
IQe.207|TECHNOLOGY AND DEVELOPMENT GROUP LIMITED|TDG Ltd.|na|53/64 Chancery Lane, London WC2A 1QU, United Kingdom of Great Britain and Northern Ireland (Registered office address)|12 May 2006|"Registered company number: 02150590. Last known directors: Hana Paul JON,
                     Adnan Talib Hashim AL-AMIRI, Dr. Safa Hadi Jawad AL-HABOBI. Last known shareholders: 99
                     ordinary shares: Al-Arabi Trading Co. Ltd., 1 ordinary share: Dr. Al-Habobi"
IQe.208|T.M.G. ENGINEERING LIMITED|TMG Ltd.|na|53/64 Chancery Lane, London WC2A 1QU, United Kingdom of Great Britain and Northern Ireland ((Registered office address))|12 May 2006|"Registered company number: 02142819. Last known directors: Hana Paul JON,
                     Adnan Talib Hashim AL-AMIRI, Dr. Safa Hadi Jawad AL-HABOBI. Shareholders: 3,700,000
                     ordinary shares: TDG Ltd. 100,000 ordinary shares: Admincheck Ltd., 200,000 ordinary
                     shares: Echosabre Ltd."
CDe.001|ADF|Allied Democratic Forces|a) Forces Démocratiques Alliées-Armée Nationale de Libération de l’Ouganda b) ADF/NALU c) NALU|North Kivu, Democratic Republic of the Congo|30 Jun. 2014|"ADF founder and leader, Jamil Mukulu (CDi.015), was arrested in Dar es Salaam, Tanzania in April 2015. He was subsequently
                     extradited to Kampala, Uganda in July 2015. As of June 2016, Mukulu is reportedly being held in a police detention cell awaiting
                     his trial. Seka Baluku (CDi.036) succeeded Jamil Mukulu (CDi.015) as the overall leader of the ADF. As highlighted in several
                     reports from the Group of Experts on the DRC (S/2015/19, S/2015/797, S/2016/1102, S/2017/672, S/2018/531, S/2019/469, S/2019/974,
                     S/2020/482), the ADF, including under Seka Baluku’s leadership, continued to commit the repeated targeting, killing and maiming,
                     rape and other sexual violence, abduction of civilians, including children, as well as attacks on villages and health facilities,
                     in particular in Mamove, Beni territory, on 12 and 24 February 2019, and Mantumbi, Beni territory, on 5 December 2019 and
                     30 January 2020, as well as the continuous recruitment and use of children during attacks and for forced labour in Beni territory
                     in the DRC since at least 2015. INTERPOL-UN Security Council Special Notice web link:https://www.interpol.int/en/How-we-work/Notices/View-UN-Notices-Individuals click here"
QDe.137|AL-NUSRAH FRONT FOR THE PEOPLE OF THE LEVANTName (original script): جبهة النصرة لأهل الشام|"a) Hay’at Tahrir al-Sham (HTS) (هيئة تحرير الشام (original script); Hay’at Tahrir al-Sham; Hay’et Tahrir al-Sham; Hayat Tahrir
                     al-Sham; Assembly for the Liberation of Syria; Assembly for the Liberation of the Levant; Liberation of al-Sham Commission;
                     Liberation of the Levant Organisation Tahrir al-Sham; Tahrir al-Sham Hay’at) b) جبهة النصرة (the Victory Front; Jabhat al-Nusrah; Jabhet al-Nusra; Al-Nusrah Front; Al-Nusra Front) c) جبهة فتح الشام (Jabhat Fath al Sham; Jabhat Fath al-Sham; Jabhat Fatah al-Sham; Jabhat Fateh Al-Sham; Fatah al-Sham Front;
                     Fateh al-Sham Front) d) Conquest of the Levant Front e) The Front for the Liberation of al Sham f) Front for the Conquest of Syria/the Levant g) Front for the Liberation of the Levant h) Front for the Conquest of Syria i) شبكة أنصار المجاهدين (Ansar al-Mujahideen Network - sub-unit name) j) مجاهدو الشام في ساحات الجهاد (Levantine Mujahideen on the Battlefields of Jihad - sub-unit name)"|na|a) Syrian Arab Republic (Operates in) b) Iraq (Support network)|14 May 2014|"Associated with Al-Qaida (QDe.004). Brought Syrian and foreign Al-Qaida in Iraq
                     (QDe.115) and Asbat al-Ansar (QDe.007) fighters, along with other foreign Al-Qaida
                     operatives, to join local elements in Syrian Arab Republic to carry out terrorist
                     and guerrilla operations there. Previously associated with the Islamic State in Iraq
                     and the Levant (ISIL), listed as Al-Qaida in Iraq (QDe.115), and its leader Ibrahim
                     Awwad Ibrahim Ali al-Badri al-Samarrai (QDi.299) but separated from that group in
                     2013. In Jul. 2016, Abu Mohammed Al-Jawlani (QDi.317), the leader of Al-Nusrah Front
                     for the People of the Levant, announced the group had changed its name to Jabhat
                     Fath al-Sham and was no longer affiliated with any external entity. Despite the
                     announcement and attempts to distinguish itself from Al-Nusrah Front for the People
                     of the Levant, the group remains aligned with Al-Qaida and continues to carry out
                     terrorist operations under this new name. In January 2017, Al-Nusrah Front created
                     Hay’at Tahrir al-Sham (HTS) as a vehicle to advance its position in the Syrian
                     insurgency and further its own goals as Al-Qaida’s affiliate in Syria. Previously
                     listed between 30 May 2013 and 13 May 2014 as an aka of Al-Qaida in Iraq (QDe.115).
                     Review pursuant to Security Council resolution 2368 (2017) was concluded on 15 November 2021.            
                     INTERPOL-UN Security Council Special Notice web link:https://www.interpol.int/en/How-we-work/Notices/View-UN-Notices-Individuals click here"
QDe.147|HILAL AHMAR SOCIETY INDONESIA (HASI)|a) Yayasan Hilal Ahmar b) Indonesia Hilal Ahmar Society for Syria|na|na|13 Mar. 2015|"Ostensibly humanitarian wing of Jemaah Islamiyah (QDe.092). Operates in
                     Lampung, Jakarta, Semarang, Yogyakarta, Solo, Surabaya and Makassar, Indonesia. Has
                     been recruiting, funding and facilitating travel of foreign terrorist fighters to
                     Syria. Not affiliated with the humanitarian group International Federation of the
                     Red Cross and Red Crescent Societies (IFRC). Review pursuant to Security Council resolution 2368 (2017) was concluded on 24
                     November 2020. INTERPOL-UN Security Council Special Notice web link:https://www.interpol.int/en/How-we-work/Notices/View-UN-Notices-Individuals click here"
TAe.014|HAJI BASIR AND ZARJMIL COMPANY HAWALAName (original script): د حاجی بصیر او ضرجمیل کمپنی حواله|a) Haji Bashir and Zarjmil Hawala Company b) Haji Abdul Basir and Zar Jameel Hawala c) Haji Basir Hawala d) Haji Baseer Hawala e) Haji Abdul Basir Exchange Shop f) Haji Basir and Zarjamil Currency Exchange g) Haji Zar Jamil, Haji Abdul Baseer Money Changer|na|a) Branch Office 1: Sanatan (variant Sanatin) Bazaar, Sanatan Bazaar Street, near Trench (variant Tranch) Road, Chaman, Baluchistan Province, Pakistan b) Branch Office 2: Quetta, Pakistan c) Branch Office 3: Lahore, Pakistan d) Branch Office 4: Peshawar, Pakistan e) Branch Office 5: Karachi, Pakistan f) Branch Office 6: Islamabad, Pakistan g) Branch Office 7: Kandahar Province, Afghanistan h) Branch Office 8: Herat Province, Afghanistan i) Branch Office 9: Helmand Province, Afghanistan j) Branch Office 10: Dubai, United Arab Emirates k) Iran (Islamic Republic of) (Branch Office 11: Iran)|27 Mar. 2015|"Money service provider used by senior Taliban leaders to transfer funds
                     to Taliban commanders in the region. Owned by Abdul Basir Noorzai (TAi.173). INTERPOL-UN Security Council Special Notice web
                     link:https://www.interpol.int/en/How-we-work/Notices/View-UN-Notices-Individuals click here"
QDe.148|THE ARMY OF EMIGRANTS AND SUPPORTERSName (original script): تنظیم جیش المھاجرین و الأنصار|a) Battalion of Emigrants and Supporters b) Army of Emigrants and Supporters organization c) Battalion of Emigrants and Ansar d) Jaysh al-Muhajirin wal-Ansar (JAMWA)|na|Jabal Turkuman area, Lattakia Governorate, Syrian Arab Republic|6 Aug. 2015|"Established by foreign terrorist fighters in 2013. Location: Syrian Arab
                     Republic. Affiliated with Islamic State in Iraq and the Levant, listed as Al-Qaida
                     in Iraq (QDe.115) and AI-Nusrah Front for the People of the Levant
                     (QDe.137). Review pursuant to Security Council resolution 2368 (2017) was concluded on 24 November 2020. INTERPOL-UN Security
                     Council Special Notice web link:https://www.interpol.int/en/How-we-work/Notices/View-UN-Notices-Individuals click here"
QDe.150|MUJAHIDIN INDONESIAN TIMUR (MIT)|a) Mujahidin of Eastern Indonesia b) East Indonesia Mujahideen c) Mujahidin Indonesia Timor d) Mujahidin Indonesia Barat (MIB) e) Mujahidin of Western Indonesia|na|Indonesia|29 Sep. 2015|"Terrorist group linked to Islamic State in Iraq and the Levant (ISIL), listed as Al-Qaida in Iraq (QDe.115), Jemaah Islamiyah
                     (JI) (QDe.092), and Jemmah Anshorut Tauhid (JAT) (QDe.133). Operates in Java and Sulawesi, Indonesia and also active in Indonesia’s
                     eastern provinces. Its former leader was Abu Wardah, a.k.a. Santoso (deceased). 
                     Review pursuant to Security Council resolution 2368 (2017) was concluded on 15 November 2021. INTERPOL-UN Security Council
                     Special Notice web link:https://www.interpol.int/en/How-we-work/Notices/View-UN-Notices-Individuals click here"
QDe.151|JUND AL-KHILAFAH IN ALGERIA (JAK-A)|a) Jund al Khalifa b) Jund al-Khilafah fi Ard al-Jaza’ir c) Jund al-Khalifa fi Ard al-Jazayer d) Soldiers of the Caliphate in Algeria e) Soldiers of the Caliphate of Algeria f) Soldiers of the Caliphate in the Land of Algeria|na|Kabylie region, Algeria|29 Sep. 2015|"Emerged on 13 Sep. 2014. Most known for its abduction and subsequent beheading
                     of French national Herve Gourdel. Claimed responsibility for attacking police and
                     gendarmes in Algeria and continued planning future attacks. Review pursuant to Security Council resolution 2368 (2017) was
                     concluded on 24 November 2020. INTERPOL-UN Security Council Special Notice web link:https://www.interpol.int/en/How-we-work/Notices/View-UN-Notices-Individuals click here"
KPe.023|DAEDONG CREDIT BANK (DCB)|a) DCB b) Taedong Credit Bank c) Dae-Dong Credit Bank|na|a) Suite 401, Potonggang Hotel, Ansan-Dong, Pyongchon District, Pyongyang, Democratic People's Republic of Korea b) Ansan-dong, Botonggang Hotel, Pongchon, Pyongyang, Democratic People's Republic of Korea|2 Mar. 2016|"SWIFT: DCBKKPPY. Daedong Credit Bank has provided financial services to the Korea Mining Development Trading Corporation (KOMID)
                     and Tanchon Commercial Bank. Since at least 2007, DCB has facilitated hundreds of financial transactions worth millions of
                     dollars on behalf of KOMID and Tanchon Commercial Bank. In some cases, DCB has knowingly facilitated transactions by using
                     deceptive financial practices."
KPe.022|CHONGCHONGANG SHIPPING COMPANY|a) Chong Chon Gang Shipping Co. Ltd. b) Chongchongang Shipping Co LTD|na|a) 817 Haeun, Donghung-dong, Central District, Pyongyang, Democratic People's Republic of Korea b) 817, Haeum, Tonghun-dong, Chung-gu, Pyongyang, Democratic People's Republic of Korea|2 Mar. 2016|"IMO Number: 5342883. The Chongchongang Shipping Company, through its vessel,
                     the Chong Chon Gang, attempted to directly import the illicit shipment of
                     conventional weapons and arms to the DPRK in July 2013."
KPe.024|HESONG TRADING COMPANY|na|na|Pyongyang, Democratic People's Republic of Korea|2 Mar. 2016|The Korea Mining Development Trading Corporation (KOMID) is the parent company of Hesong Trading Corporation.
KPe.025|KOREA KWANGSON BANKING CORPORATION (KKBC)|KKBC|na|Jungson-dong, Sungri Street, Central District, Pyongyang, Democratic People's Republic of Korea|2 Mar. 2016|"KKBC provides financial services in support to Tanchon Commercial Bank and Korea Hyoksin Trading Corporation, a subordinate
                     of the Korea Ryonbong General Corporation. Tanchon Commercial Bank has used KKBC to facilitate funds transfers likely amounting
                     to millions of dollars, including transfers involving Korea Mining Development Corporation related funds."
KPe.026|KOREA KWANGSONG TRADING CORPORATION|na|na|Rakwon-dong, Pothonggang District, Pyongyang, Democratic People's Republic of Korea|2 Mar. 2016|The Korea Ryongbong General Corporation is the parent company of Korea Kwangsong Trading Corporation.
KPe.027|MINISTRY OF ATOMIC ENERGY INDUSTRY|MAEI|na|Haeun-2-dong, Pyongchon District, Pyongyang, Democratic People's Republic of Korea|2 Mar. 2016|"The Ministry of Atomic Energy Industry was created in 2013 for the purpose of modernizing the DPRK’s atomic energy industry
                     to increase the production of nuclear materials, improve their quality, and further develop an independent DPRK nuclear industry.
                     As such, the MAEI is known to be a critical player in the DPRK’s development of nuclear weapons and is in charge of day-to-day
                     operation of the country’s nuclear weapons program, and under it are other nuclear-related organizations. Under this ministry
                     are a number of nuclear-related organizations and research centers, as well as two committees: an Isotope Application Committee
                     and a Nuclear Energy Committee. The MAEI also directs a nuclear research center at Yongbyun, the site of the DPRK's known
                     plutonium facilities. Furthermore, in the 2015 Panel of Experts (POE) report, the POE stated that Ri Je-son, a former director
                     of the GBAE who was designated by the Committee established pursuant to resolution 1718 (2006) in 2009 for engagement in or
                     support for nuclear related programs, was appointed as head of the MAEI on April 9, 2014."
QDe.149|HARAKAT SHAM AL-ISLAM|a) Haraket Sham al-Islam b) Sham al-Islam c) Sham al-Islam Movement|na|Syrian Arab Republic|29 Feb. 2016|"Moroccan-led terrorist organization formed in Aug. 2013 and operating in Syrian Arab Republic. Principally composed of foreign
                     terrorist fighters and associated with AI-Nusrah Front for the People of the Levant (QDe.137).  INTERPOL-UN Security Council
                     Special Notice web link:https://www.interpol.int/en/How-we-work/Notices/View-UN-Notices-Individuals click here"
KPe.030|OFFICE 39|a) Office #39 b) Office No. 39 c) Bureau 39 d) Central Committee Bureau 39 e) Third Floor f) Division 39|na|a) Second KWP Government Building (Korean – Ch’o’ngsa, Urban Town (Korean-Dong), Chung Ward, Pyongyang, Democratic People's Republic of Korea b) Chung-Guyok (Central District), Sosong Street, Kyongrim-Dong, Pyongyang, Democratic People's Republic of Korea c) Changwang Street, Pyongyang, Democratic People's Republic of Korea|2 Mar. 2016|DPRK government entity
KPe.031|RECONNAISSANCE GENERAL BUREAU|a) Chongch’al Ch’ongguk b) KPA Unit 586 c) RGB|na|a) Hyongjesan-Guyok, Pyongyang, Democratic People's Republic of Korea b) Nungrado, Pyongyang, Democratic People's Republic of Korea|2 Mar. 2016|"The Reconnaissance General Bureau is the DPRK's premiere intelligence organization, created in early 2009 by the merger of
                     existing intelligence organizations from the Korean Workers' Party, the Operations Department and Office 35, and the Reconnaissance
                     Bureau of the Korean People's Army. The Reconnaissance General Bureau trades in conventional arms and controls the DPRK conventional
                     arms firm Green Pine Associated Corporation."
KPe.032|SECOND ECONOMIC COMMITTEE|na|na|Kangdong, Democratic People's Republic of Korea|2 Mar. 2016|"The Second Economic Committee is involved in key aspects of the DPRK's missile program. The Second Economic Committee is responsible
                     for overseeing the production of the DPRK's ballistic missiles, and directs the activities of KOMID."
CFe.002|LORD’S RESISTANCE ARMY|a) LRA b) Lord’s Resistance Movement (LRM) c) Lord’s Resistance Movement/Army (LRM/A)|na|a) Vakaga, Central African Republic b) Haute-Kotto, Central African Republic c) Basse-Kotto, Central African Republic d) Haut-Mbomou, Central African Republic e) Mbomou, Central African Republic f) Haut-Uolo, Democratic Republic of the Congo g) Bas-Uolo, Democratic Republic of the Congo h) Reported address: Kafia Kingi (a territory on the border of Sudan and South Sudan whose final status has yet to be determined). (As of January 2015, 500 Lord’s Resistance Army  elements were reportedly expelled from the Sudan.)|7 Mar. 2016|"Emerged in northern Uganda in the 1980s. Has engaged in the abduction, killing and mutilation of thousands of civilians in
                     Central Africa, including hundreds in the Central African Republic. The leader is Joseph Kony (CFi.009). INTERPOL-UN Security
                     Council Special Notice web link:https://www.interpol.int/en/How-we-work/Notices/View-UN-Notices-Individuals click here"
KPe.034|ILSIM INTERNATIONAL BANK|na|na|Pyongyang, Democratic People's Republic of Korea|30 Nov. 2016|"Ilsim International Bank is affiliated with the DPRK military and has a close relationship with Korea Kwangson Banking Corporation
                     (KKBC). Ilsim International Bank has attempted to evade United Nations sanctions. SWIFT: ILSIKPPY"
KPe.035|KOREA DAESONG BANK|a) Choson Taesong Unhaeng b) Taesong Bank|na|Segori-dong, Gyongheung St. Potonggang District, Pyongyang, Democratic People's Republic of Korea|30 Nov. 2016|Daesong Bank is owned and controlled by Office 39 of the Korea Workers’ Party. SWIFT/BIC: KDBKKPPY
KPe.036|SINGWANG ECONOMICS AND TRADING GENERAL CORPORATION|na|na|Democratic People's Republic of Korea|30 Nov. 2016|"Singwang Economics and Trading General Corporation is a DPRK firm for trading in coal.  DPRK generates a significant share
                     of the money for its nuclear and ballistic missile programs by mining natural resources and selling those resources abroad."
KPe.040|DCB FINANCE LIMITED|na|na|a) Akara Building, 24 de Castro Street, Wickhams Cay I, Road Town, Tortola, British Virgin Islands b) Dalian, China|30 Nov. 2016|DCB Finance Limited is a front company for Daedong Credit Bank (DCB), a listed entity.
KPe.037|KOREA FOREIGN TECHNICAL TRADE CENTER|na|na|Democratic People's Republic of Korea|30 Nov. 2016|"Korea Foreign Technical Trade Center is a DPRK firm trading in coal. DPRK generates a significant share of the funds needed
                     to finance its nuclear and ballistic missile programs by mining natural resources and selling those resources abroad."
KPe.041|KOREA TAESONG TRADING COMPANY|na|na|Pyongyang, Democratic People's Republic of Korea|30 Nov. 2016|Korea Taesong Trading Company has acted on behalf of KOMID in dealings with Syria.
KPe.042|KOREA DAESONG GENERAL TRADING CORPORATION|a) Daesong Trading b) Daesong Trading Company c) Korea Daesong Trading Company d) Korea Daesong Trading Corporation|na|Pulgan Gori Dong 1, Potonggang District, Pyongyang City, Democratic People's Republic of Korea|30 Nov. 2016|"Korea Daesong General Trading Corporation is affiliated with Office 39 through minerals (gold) exports, metals, machinery,
                     agricultural products, ginseng, jewelry, and light industry products.Telephone: +850-2-18111-8208. Fax: +850-2-381-4432. Email:
                     daesong@star-co.net.kp."
KPe.038|KOREA PUGANG TRADING CORPORATION|na|na|Rakwon-dong, Pothonggang District, Pyongyang, Democratic People's Republic of Korea|30 Nov. 2016|"Korea Pugang Trading Corporation is owned by the Korea Ryonbong General Corporation, DPRK’s defense conglomerate specializing
                     in acquisition for DPRK defense industries and support to Pyongyang’s military related sales."
KPe.039|KOREA INTERNATIONAL CHEMICAL JOINT VENTURE COMPANY|a) Choson International Chemicals Joint Operation Company b) Chosun International Chemicals Joint Operation Company c) International Chemical Joint Venture Company|na|a) Hamhung, South Hamgyong Province, Democratic People's Republic of Korea b) Man gyongdae-kuyok, Pyongyang, Democratic People's Republic of Korea c) Mangyungdae-gu, Pyongyang, Democratic People's Republic of Korea|30 Nov. 2016|"Korea International Chemical Joint Venture Company is a subsidiary of Korea Ryonbong General Corporation – DPRK’s defense
                     conglomerate specializing in acquisition for DPRK defense industries and support to Pyongyang’s military related sales – and
                     has engaged in proliferation-related transactions."
KPe.033|KOREA UNITED DEVELOPMENT BANK|na|na|Pyongyang, Democratic People's Republic of Korea|30 Nov. 2016|Korea United Development Bank operates in the financial services industry of the DPRK economy. SWIFT/BIC: KUDBKPPY
KPe.043|KANGBONG TRADING CORPORATION|na|na|Democratic People's Republic of Korea|2 Jun. 2017|"The Kangbong Trading Corporation sold, supplied, transferred, or purchased, directly or indirectly, to or from the DPRK, metal,
                     graphite, coal, or software, where revenue or goods received may benefit the Government of the DPRK or the Workers’ Party
                     of Korea. The Kangbong Trading Corporation’s parent is the Ministry of People’s Armed Forces"
KPe.044|KOREA KUMSAN TRADING CORPORATION|na|na|Haeun 2-dong, Pyogchon District, Pyongyang City/Mangyongdae, Democratic People's Republic of Korea|2 Jun. 2017|"Korea Kumsan Trading Corporation is owned or controlled by, or acting or purporting to act for or on behalf of, directly or
                     indirectly, the General Bureau of Atomic Energy, which oversees the DPRK’s nuclear programme. Telephone: +850-2-18111-8550.
                     Fax: +850-2-381-4410/4416. Email: mhs-ip@star-co.net.kp."
KPe.045|KORYO BANK|na|na|Koryo Bank Building, Pulgun Street, Pyongyang, Democratic People's Republic of Korea|2 Jun. 2017|"Koryo Bank operates in the financial services industry in the DPRK’s economy and is associated with Office 38 and Office 39
                     of the KWP"
KPe.046|STRATEGIC ROCKET FORCE OF THE KOREAN PEOPLE’S ARMY|a) Strategic Rocket Force b) Strategic Rocket Force Command of KPA c) Strategic Force d) Strategic Forces|na|Pyongyang, Democratic People's Republic of Korea|2 Jun. 2017|"The Strategic Rocket Force of the Korean People’s Army is in charge of all DPRK ballistic missile programmes and is responsible
                     for SCUD and NODONG launches"
QDe.152|JAMAAT-UL-AHRAR (JuA)Name (original script): جمات ال احرار|a) Jamaat-e-Ahrar b) Tehrik-e Taliban Pakistan Jamaat ul Ahrar|Ahrar-ul-Hind|"a) Lalpura, Nangarhar Province, Afghanistan and Afghanistan-Pakistan border
                     region (since Jun. 2015) b) Mohmand Agency, Pakistan (as at Aug. 2014)"|6 Jul. 2017|"Splinter group of the Tehrik-e Taliban Pakistan (QDe.132). Associated with Islamic State in Iraq and the Levant, listed as
                     Al-Qaida in Iraq (QDe.115). Formed in Aug. 2014 in Mohmand Agency, Pakistan. Operates from Nangarhar Province, Afghanistan
                     and Pakistan-Afghanistan border region. Banned in Pakistan on 21 Nov. 2016. Review pursuant to Security Council resolution
                     2610 (2021) was concluded on 8 November 2022.  INTERPOL-UN Security Council Special Notice web link:https://www.interpol.int/en/How-we-work/Notices/View-UN-Notices-Individuals click here"
QDe.153|HANIFA MONEY EXCHANGE OFFICE (BRANCH LOCATED IN ALBU KAMAL, SYRIAN ARAB REPUBLIC)Name (original script): مكتب حنيفة للصرافة|a) Hanifah Currency Exchange b) Hanifeh Exchange c) Hanifa Exchange d) Hunaifa Office e) Hanifah Exchange Company f) Hanifa Money Exchange Office|na|Albu Kamal (Al-Bukamal), Syrian Arab Republic|20 Jul. 2017|"Money exchange business in Albu Kamal (Al-Bukamal), Syrian Arab Republic, facilitating the movement of funds on behalf of
                     Islamic State in Iraq and the Levant (ISIL), listed as Al-Qaida in Iraq (QDe.115). Used exclusively for ISIL-related transactions.
                     Review pursuant to Security Council resolution 2610 (2021) was concluded on 8 November 2022.  INTERPOL-UN Security Council
                     Special Notice web link:https://www.interpol.int/en/How-we-work/Notices/View-UN-Notices-Individuals click here"
QDe.154|SELSELAT AL-THAHABName (original script): سلسلة الذهب للصرافة|a) Silsilet al Thahab b) Selselat al Thahab For Money Exchange c) Silsilat Money Exchange Company d) Silsilah Money Exchange Company e) Al Silsilah al Dhahaba f) Silsalat al Dhab|na|a) Al-Kadhumi Complex, Al-Harthia, Baghdad, Iraq b) Al-Abbas Street, Karbala, Iraq|20 Jul. 2017|"Money exchange business facilitating the movement of funds on behalf of Islamic State in Iraq and the Levant (ISIL), listed
                     as Al-Qaida in Iraq (QDe.115), as of Apr. 2016. Conducted over one hundred financial transfers into ISIL-controlled territory.
                     Review pursuant to Security Council resolution 2610 (2021) was concluded on 8 November 2022.  INTERPOL-UN Security Council
                     Special Notice web link:https://www.interpol.int/en/How-we-work/Notices/View-UN-Notices-Individuals click here"
QDe.155|Jaysh Khalid Ibn al Waleed|a) Khalid ibn al-Walid Army b) Liwa Shuhada al-Yarmouk c) Harakat al-Muthanna al-Islamia|na|na|20 Jul. 2017|"Joined the Islamic State in Iraq and the Levant (ISIL), listed as Al-Qaida in Iraq (QDe.115), in May 2015. Review pursuant
                     to Security Council resolution 2610 (2021) was concluded on 8 November 2022.  INTERPOL-UN Security Council Special Notice
                     web link:https://www.interpol.int/en/How-we-work/Notices/View-UN-Notices-Individuals click here"
QDe.156|JUND AL AQSA|a) The Soldiers of Aqsa b) Soldiers of Aqsa c) Sarayat Al Quds|na|a) Idlib Governorate, Syrian Arab Republic b) Hama Governorate, Syrian Arab Republic|20 Jul. 2017|"Associated with the Al Nusrah Front for the People of the Levant (QDe.137). Review pursuant to Security Council resolution
                     2610 (2021) was concluded on 8 November 2022.  INTERPOL-UN Security Council Special Notice web link:https://www.interpol.int/en/How-we-work/Notices/View-UN-Notices-Individuals click here"
KPe.047|FOREIGN TRADE BANK (FTB)|a) Mooyokbank b) Korea Trading Bank|na|FTB Building, Jungsong-dong, Central District, Pyongyang, Democratic People's Republic of Korea|5 Aug. 2017|"Foreign Trade Bank is a state-owned bank and acts as the DPRK’s primary foreign exchange bank and has provided key financial
                     support to the Korea Kwangson Banking Corporation.  SWIFT/BIC: FTBDKPPY."
KPe.048|KOREAN NATIONAL INSURANCE COMPANY (KNIC)|Korea Foreign Insurance Company|na|Central District, Pyongyang, Democratic People's Republic of Korea|5 Aug. 2017|The Korean National Insurance Company is a DPRK financial and insurance company and is affiliated with Office 39.
KPe.049|KORYO CREDIT DEVELOPMENT BANK|a) Daesong Credit Development Bank b) Koryo Global Credit Bank c) Koryo Global Trust Bank|na|Pyongyang, Democratic People's Republic of Korea|5 Aug. 2017|Koryo Credit Development Bank operates in the financial services industry in the DPRK’s economy.
KPe.050|MANSUDAE OVERSEAS PROJECT GROUP OF COMPANIES|Mansudae Art Studio|na|Yanggakdo International Hotel, RYUS, Pyongyang, Democratic People's Republic of Korea|5 Aug. 2017|"Mansudae Overseas Project Group of Companies engaged in, facilitated, or was responsible for the exportation of workers from
                     the DPRK to other nations for construction-related activities including for statues and monuments to generate revenue for
                     the Government of the DPRK or the Workers’ Party of Korea. The Mansudae Overseas Project Group of Companies has been reported
                     to conduct business in countries in Africa and Southeast Asia including Algeria, Angola, Botswana, Benin, Cambodia, Chad,
                     the Democratic Republic of the Congo, Equatorial Guinea, Malaysia, Mozambique, Madagascar, Namibia, Syria, Togo, and Zimbabwe."
KPe.051|CENTRAL MILITARY COMMISSION OF THE WORKERS’ PARTY OF KOREA (CMC)|na|na|Pyongyang, Democratic People's Republic of Korea|11 Sep. 2017|"The Central Military Commission is responsible for the development and implementation of the Workers’ Party of Korea’s military
                     policies, commands and controls the DPRK’s military, and directs the country’s military defense industries in coordination
                     with the State Affairs Commission."
KPe.052|ORGANIZATION AND GUIDANCE DEPARTMENT (OGD)|na|na|Democratic People's Republic of Korea|11 Sep. 2017|"The Organization and Guidance Department is a very powerful body of the Worker’s Party of Korea. It directs key personnel
                     appointments for the Workers’ Party of Korea, the DPRK’s military, and the DPRK’s government administration. It also purports
                     to control the political affairs of all of the DPRK and is instrumental in implementing the DPRK’s censorship policies."
KPe.053|PROPAGANDA AND AGITATION DEPARTMENT (PAD)|na|na|Pyongyang, Democratic People's Republic of Korea|11 Sep. 2017|"The Propaganda and Agitation Department has full control over the media, which it uses as a tool to control the public on
                     behalf of the DPRK leadership. The Propaganda and Agitation Department also engages in or is responsible for censorship by
                     the Government of the DPRK, including newspaper and broadcast censorship."
KPe.056|CHONMYONG SHIPPING CO|CHON MYONG SHIPPING COMPANY LIMITED|na|a) Kalrimgil 2-dong, Mangyongdae-guyok, Pyongyang, Democratic People's Republic of Korea b) Saemaul 2-dong, Pyongchon-guyok, Pyongyang, Democratic People's Republic of Korea|30 Mar. 2018|"Registered owner of CHON MYONG 1, a DPRK-flagged vessel that conducted ship-to-ship transfer of fuel in late December 2017.
                     IMO number: 5571322."
KPe.057|FIRST OIL JV CO LTD|na|na|Jongbaek 1-dong, Rakrang-guyok, Pyongyang, Democratic People's Republic of Korea|30 Mar. 2018|"Owner of the DPRK tanker PAEK MA, which was involved in ship-to-ship transfer operations for oil in mid-January 2018. IMO
                     number: 5963351."
KPe.058|HAPJANGGANG SHIPPING CORP|na|na|Kumsong 3-dong, Mangyongdae-guyok, Pyongyang, Democratic People's Republic of Korea|30 Mar. 2018|"Registered owner of the DPRK tanker NAM SAN 8, believed to have been involved in ship-to-ship transfer operations for oil,
                     and owner of vessel HAP JANG GANG 6. IMO number: 5787684."
KPe.060|KINGLY WON INTERNATIONAL CO., LTD|na|na|Trust Company Complex, Ajeltake Road, Ajeltake Island, Majuro MH, 96960, Marshall Islands|30 Mar. 2018|"In 2017, Tsang Yung Yuan (aka Neil Tsang) and Kingly Won attempted to engage in an oil deal valued at over $1 million with
                     a petroleum company in a third country to illicitly transfer to the DPRK. Kingly Won acted as a broker for that petroleum
                     company and a Chinese company that reached out to Kingly Won to purchase marine oil on its behalf."
KPe.061|KOREA ACHIM SHIPPING CO|na|na|Sochang-dong, Chung-guyok, Pyongyang, Democratic People's Republic of Korea|30 Mar. 2018|"Registered owner of DPRK tanker CHON MA SAN. DPRK-flagged CHON MA SAN prepared for likely ship-to-ship transfer operations
                     in late January 2018. The master of the DPRK-flagged motor tanker YU JONG 2 reported on 18 November 2017 to an unidentified
                     DPRK-based controller that the vessel was avoiding a storm in advance of a ship-to-ship transfer.  The master suggested that
                     the YU JONG 2 load fuel oil before the DPRK-flagged tanker CHON MA SAN since the CHON MA SAN’s larger size was better suited
                     to conduct ship-to-ship transfers in a storm.  After the CHON MA SAN loaded fuel oil from a vessel, the YU JONG 2 loaded 1,168
                     kiloliters of fuel oil on 19 November 2017 through a ship-to-ship transfer operation. IMO number: 5936312."
KPe.062|KOREA ANSAN SHIPPING COMPANY|a) KOREA ANSAN SHPG COMPANY b) Korea Ansan SHPG CO|na|Pyongchon 1-dong, Pyongchon-guyok, Pyongyang, Democratic People's Republic of Korea|30 Mar. 2018|"Registered owner of DPRK tanker AN SAN 1 believed to have been involved in
                     ship-to-ship transfer operations for oil. IMO number: 5676084"
KPe.063|KOREA MYONGDOK SHIPPING CO|na|na|Chilgol 2-dong, Mangyongdae-guyok, Pyongyang, Democratic People's Republic of Korea|30 Mar. 2018|"Registered owner of the YU PHYONG 5. In late November 2017, the YU PHYONG 5
                     conducted a ship-to-ship transfer of 1,721 metric tons of fuel oil. IMO number: 5985863."
KPe.064|KOREA SAMJONG SHIPPING|na|na|Tonghung-dong, Chung-guyok, Pyongyang, Democratic People's Republic of Korea|30 Mar. 2018|"Registered owner of DPRK tankers SAM JONG 1 and SAM JONG 2. Both vessels are believed to have imported refined petroleum to
                     DPRK in violation of UN sanctions in late January 2018. IMO number: 5954061."
KPe.065|KOREA SAMMA SHIPPING CO|Korea Samma SHPG CO|na|Rakrang 3-dong, Rakrang-guyok, Pyongyang, Democratic People's Republic of Korea|30 Mar. 2018|"A DPRK-flagged tanker, SAM MA 2 owned by Korea Samma Shipping Company, conducted a ship-to-ship transfer of oil and fabricated
                     documents in mid-October 2017, loading almost 1,600 metric tons of fuel oil in one transaction.  The ship master was instructed
                     to erase SAMMA SHIPPING and the Korean words found on the ship’s seal and instead put “Hai Xin You 606” to mask its identity
                     as a DPRK vessel. IMO number: 5145892."
KPe.066|KOREA YUJONG SHIPPING CO LTD|na|na|Puksong 2-dong, Pyongchon-guyok, Pyongyang, Democratic People's Republic of Korea|30 Mar. 2018|"Registered owner of the DPRK tanker YU JONG 2, which loaded 1,168 kiloliters of fuel oil on 19 November 2017 through a ship-to-ship
                     transfer operation. Company Number IMO 5434358."
KPe.067|KOTI CORP|na|na|Panama City, Panama|30 Mar. 2018|"Ship manager and commercial manager of the Panama-flagged vessel KOTI, which conducted ship-to-ship transfers of likely petroleum
                     product to the DPRK-flagged KUM UN SAN 3 on 9 December 2017. IMO number: 5982254."
KPe.069|PAEKMA SHIPPING CO|Care of First Oil JV Co Ltd|na|Jongbaek 1-dong, Rakrang-guyok, Pyongyang, Democratic People's Republic of Korea|30 Mar. 2018|"Registered owner of the DPRK tanker PAEK MA, which was involved in ship-to-ship transfer operations for oil in mid-January
                     2018."
KPe.070|PHYONGCHON SHIPPING & MARINE|PHYONGCHON SHIPPING AND MARINE|na|Otan-dong, Chung-guyok, Pyongyang, Democratic People's Republic of Korea|30 Mar. 2018|"Registered owner of DPRK tanker JI SONG 6, which is believed to  have been involved in ship-to-ship transfer operations of
                     oil in late January 2018. The company also owns vessels JI SONG 8 and WOORY STAR. IMO number: 5878561."
KPe.071|PRO-GAIN GROUP CORPORATION|na|na|na|30 Mar. 2018|Company owned or controlled by Tsang Yung Yuan and involved in illicit transfers of DPRK coal.
KPe.075|YUK TUNG ENERGY PTE LTD|na|na|80 Raffles Place, #17-22 UOB Plaza, Singapore, 048624, Singapore|30 Mar. 2018|"Ship manager and commercial manager of the YUK TUNG, which conducted
                     ship-to-ship transfer of refined petroleum product. IMO number: 5987860."
KPe.055|CHANG AN SHIPPING & TECHNOLOGY|a) 長安海連技術有限公司 b) CHANG AN SHIPPING AND TECHNOLOGY|na|Room 2105, DL1849, Trend Centre, 29-31 Cheung Lee Street, Chai Wan, Hong Kong, China|30 Mar. 2018|"Registered owner, ship manager, and commercial manager of Panama-flagged vessel HUA FU, a cargo ship that loaded DPRK coal
                     at Najin, DPRK on 24 September 2017."
KPe.059|HUAXIN SHIPPING HONGKONG LTD|華信船務(香港)有限公司|na|Room 2105, Trend Centre, 29-31 Chueng Lee Street, Chai Wan, Hong Kong, China|30 Mar. 2018|"Ship and commercial manager of the ASIA BRIDGE 1. Hong Kong-owned vessel, the probable “ASIA BRIDGE 1” was instructed on 19
                     October 2017 by Huaxin Shipping to make preparations for entry into Nampo, DPRK to receive a shipment of coal bound for Vietnam.
                     The “ASIA BRIDGE 1” was instructed by an unidentified employee of Huaxin Shipping Ltd. to make preparations to receive 8,000
                     metric tons of coal and then sail to Cam Pha, Vietnam.  The master of the vessel was instructed to cover the ship’s name and
                     other markings using canvas while in port at Nampo."
KPe.072|SHANGHAI DONGFENG SHIPPING CO LTD|na|na|Room 601, 433, Chifeng Lu, Hongkou Qu, Shanghai, 200083, China|30 Mar. 2018|"Registered owner, ship and commercial manager of the DONG FENG 6, a vessel that loaded coal at Hamhung, DPRK, on 11 July 2017
                     for export in violation of UN sanctions."
KPe.073|SHEN ZHONG INTERNATIONAL SHIPPING|沈忠國際海運有限公司|na|Unit 503, 5th Floor, Silvercord Tower 2, 30, Canton Road, Tsim Sha Tsui, Kowloon, Hong Kong, China|30 Mar. 2018|"Ship and commercial manager of HAO FAN 2 and HAO FAN 6, St Kitts-Nevis-flagged vessels.  The HAO FAN 6 loaded coal at Nampo,
                     DPRK, on 27 August 2017.  HAO FAN 2 loaded DPRK coal at Nampo, DPRK, on 3 June 2017."
KPe.074|WEIHAI WORLD-SHIPPING FREIGHT|na|na|419-201, Tongyi Lu, Huancui Qu, Weihai, Shandong, 264200, China|30 Mar. 2018|"Ship and commercial manager of the XIN GUANG HAI, a vessel that on loaded coal at Taean, DPRK, on 27 October 2017 and had
                     an ETA of 14 November 2017 to Cam Pha, Vietnam, but it did not arrive. IMO number: 5905801."
QDe.160|TARIQ GIDAR GROUP (TGG)Name (original script): طارق گیدڑ گروپ|a) TEHRIK-E-TALIBAN-TARIQ GIDAR GROUP b) TTP-TARIQ GIDAR GROUP c) TEHREEK-I-TALIBAN PAKISTAN GEEDAR GROUP d) TTP GEEDAR GROUP e) TARIQ GEEDAR GROUP f) COMMANDER TARIQ AFRIDI GROUP g) TARIQ AFRIDI GROUP h) TARIQ GIDAR AFRIDI GROUP i) THE ASIAN TIGERS|na|(Afghanistan/Pakistan border region)|22 Mar. 2019|"Splinter group of Tehrik-e Taliban Pakistan (TTP) (QDe.132). The group was formed in Darra Adam Khel, Federally Administered
                     Tribal Area (FATA), Pakistan, in 2007.       INTERPOL-UN Security Council Special Notice web link:https://www.interpol.int/en/How-we-work/Notices/View-UN-Notices-Individuals click here"
QDe.161|ISLAMIC STATE IN IRAQ AND THE LEVANT - KHORASAN (ISIL-K)|a) ISIL KHORASAN b) ISLAMIC STATE’S KHORASAN PROVINCE c) ISIS WILAYAT KHORASAN d) ISIL’S SOUTH ASIA BRANCH e) SOUTH ASIAN CHAPTER OF ISIL f) The Islamic State of Iraq and ash-Sham—Khorasan Province g) The Islamic State of Iraq and Syria—Khorasan h) Islamic State of Iraq and Levant in Khorasan Province i) Islamic State Khurasan j) ISIS-K k) ISISK l) IS-Khorasan|na|na|14 May 2019|"Islamic State of Iraq and the Levant - Khorasan (ISIL - K) was formed on
                     January 10, 2015 by a former Tehrik-e Taliban Pakistan (TTP) (QDe.132) commander and
                     was established by former Taliban faction commanders who swore an oath of allegiance
                     to the Islamic State of Iraq and the Levant (listed as Al-Qaida in Iraq (QDe.115)).
                     ISIL – K has claimed responsibility for numerous attacks in both Afghanistan and
                     Pakistan.  INTERPOL-UN Security Council Special Notice web link:https://www.interpol.int/en/How-we-work/Notices/View-UN-Notices-Individuals click here"
QDe.162|ISLAMIC STATE WEST AFRICA PROVINCE (ISWAP)|a) Islamic State in Iraq and the Levant – West Africa (ISIL-WA) b) Islamic State of Iraq and Syria – West Africa (ISIS-WA) c) Islamic State of Iraq and Syria West Africa Province (ISISWAP) d) Islamic State of Iraq and the Levant – West Africa|na|na|23 Feb. 2020|"Associated with the Islamic State in Iraq and the Levant (listed as Al-Qaida in Iraq (QDe.115)). Formed in March 2015 by Abubakar
                     Shekau (QDi.322). Splinter group of Jama'atu Ahlis Sunna Lidda'Awati Wal-Jihad (Boko Haram) (QDe.138). Committed terrorist
                     attacks in Nigeria.  INTERPOL-UN Security Council Special Notice web link:https://www.interpol.int/en/How-we-work/Notices/View-UN-Notices-Individuals click here"
QDe.163|ISLAMIC STATE IN THE GREATER SAHARA (ISGS)|a) Islamic State in Iraq and Syria – Greater Sahara (ISIS-GS) b) Islamic State of Iraq and Syria – Greater Sahara (ISIS-GS) c) Islamic State of Iraq and the Levant - Greater Sahara (ISIL-GS) d) Islamic State of the Greater Sahel e) ISIS in the Greater Sahel f) ISIS in the Greater Sahara g) ISIS in the Islamic Sahel|na|na|23 Feb. 2020|"Formed in May 2015 by Adnan Abu Walid al-Sahraoui (QDi.415). Associated with the Islamic State in Iraq and the Levant (listed
                     as Al-Qaida in Iraq (QDe.115)). Splinter group of Al-Mourabitoun (QDe.141). Committed terrorist attacks in Mali, Niger and
                     Burkina Faso.  INTERPOL-UN Security Council Special Notice web link:https://www.interpol.int/en/How-we-work/Notices/View-UN-Notices-Individuals click here"
QDe.164|JAMAAH ANSHARUT DAULAHName (original script): JAMAAH ANSHARUT DAULAH|a) Jemaah Anshorut Daulah b) Jamaah Ansharut Daulat|na|na|4 Mar. 2020|"Established in 2015 as an umbrella group of Indonesian extremist groups that pledged allegiance to then-ISIL leader Abu Bakr
                     al-Baghdadi.  Associated with Islamic State in Iraq and the Levant, listed as Al-Qaida in Iraq (QDe.115). INTERPOL-UN Security
                     Council Special Notice web link:https://www.interpol.int/en/How-we-work/Notices/View-UN-Notices-Individuals click here"
QDe.165|ISLAMIC STATE IN IRAQ AND THE LEVANT - LIBYAName (original script): الدولة الإسلامية في العراق والشام - ليبيا|a) Islamic state of Iraq and the Levant in Libya b) Wilayat Barqa c) Wilayat Fezzan d) Wilayat Tripolitania e) Wilayat Tarablus f) Wilayat Al-Tarablus|na|na|4 Mar. 2020|"Formed in November 2014 upon announcement by Abu Bakr Al-Baghdadi, listed as Ibrahim Awwad Ibrahim Ali Al-Badri Al-Samarrai
                     (QDi.299). Associated with Islamic State in Iraq and the Levant, listed as Al-Qaida in Iraq (QDe.115). INTERPOL-UN Security
                     Council Special Notice web link:https://www.interpol.int/en/How-we-work/Notices/View-UN-Notices-Individuals click here"
QDe.166|ISLAMIC STATE IN IRAQ AND THE LEVANT - YEMENName (original script): الدولة الإسلامية في العراق والشام - اليمن|a) Islamic State of Iraq and the Levant of Yemen b) Islamic State in Yemen c) ISIL in Yemen d) ISIS in Yemen e) Wilayat al-Yemen, Province of Yemen|na|na|4 Mar. 2020|"Formed in November 2014 upon acceptance of oaths of allegiance by Abu Bakr Al-Baghdadi, listed as Ibrahim Awwad Ibrahim Ali
                     Al-Badri Al-Samarrai (QDi.299). Associated with Islamic State in Iraq and the Levant, listed as Al-Qaida in Iraq (QDe.115).
                     INTERPOL-UN Security Council Special Notice web link:https://www.interpol.int/en/How-we-work/Notices/View-UN-Notices-Individuals click here"
QDe.167|JUND AL-KHILAFAH IN TUNISIA (JAK-T)|a) ISIL-Tunisia b) ISIL-Tunisia Province c) Soldiers of the Caliphate d) Jund al-Khilafa e) Jund al Khilafah f) Jund al-Khilafah fi Tunis g) Soldiers of the Caliphate in Tunisia h) Tala I Jund al-Khilafah i) Vanguards of the Soldiers of the Caliphate j) Daesh Tunisia k) Ajnad|na|na|29 Dec. 2021|"Formed in November 2014.Associated with Islamic State in Iraq and the Levant, listed as Al-Qaida in Iraq (QDe.115).    
                     
                     
                     INTERPOL-UN Security Council Special Notice web link:https://www.interpol.int/en/How-we-work/Notices/View-UN-Notices-Individuals click here"
YEe.001|THE HOUTHIS|a) ANSARALLAH b) ANSAR ALLAH c) PARTISANS OF GOD d) SUPPORTERS OF GOD|na|Yemen|28 Feb. 2022|"Listed pursuant to paragraph 5 of resolution 2624 (2022) as subject to the measures imposed by paragraph 14 of resolution
                     2216 (2015) (targeted arms embargo). The Houthis have engaged in acts that threaten the peace, security, and stability of
                     Yemen. The Houthis have engaged in attacks striking civilians and civilian infrastructure in Yemen, implemented a policy of
                     sexual violence and repression against politically active and professional women, engaged in the recruitment and use of children,
                     incited violence against groups including on the basis of religion and nationality, and indiscriminately used landmines and
                     improvised explosive devices on the West Coast of Yemen. The Houthis have also obstructed the delivery of humanitarian assistance
                     to Yemen, or access to, or distribution of, humanitarian assistance in Yemen. The Houthis have conducted attacks on commercial
                     shipping in the Red Sea using waterborne improvised explosive devices and sea mines. The Houthis have also perpetrated repeated
                     cross-border terrorist attacks striking civilians and civilian infrastructure in the Kingdom of Saudi Arabia and the United
                     Arab Emirates and threatened to intentionally target civilian sites.    INTERPOL-UN Security Council Special Notice web link:https://www.interpol.int/en/How-we-work/Notices/View-UN-Notices-Individuals click here"
QDe.168|KHATIBA AL-TAWHID WAL-JIHAD (KTJ)Name (original script): Катиба ат-Таухид валь-Джихад|a) JANNAT OSHIKLARI b) Jama`at al-Tawhid wal-Jihad|JANNAT OSHIKLARI|na|7 Mar. 2022|"Khatiba al-Tawhid wal-Jihad (formerly known as Jannat Oshiklari) is a terrorist organization operating under the umbrella
                     of the international terrorist organization Al-Nusrah Front for the People of the Levant (QDe.137). The group mainly operates
                     in the provinces of Hama, Idlib and Ladhiqiyah, in the Syrian Arab Republic, and also conduct operations in Turkey, Kyrgyzstan,
                     Uzbekistan, Russian Federation, Tajikistan, Kazakhstan, Egypt, Afghanistan, Ukraine.  The number of fighters of KTJ is about
                     500. KTJ also cooperates with such terrorist organizations as Khatiba Imam al-Bukhari (QDe.158) and the Islamic Jihad Group
                     (QDe.119).  INTERPOL-UN Security Council Special Notice web link:https://www.interpol.int/en/How-we-work/Notices/View-UN-Notices-Individuals click here"
QDe.169|Islamic State In Iraq And the Levant In South-East Asia (ISIL-SEA, ISIL-South East Asia)|a) Islamic State East Asia Division b) Dawlatul Islamiyah Waliyatul Mashriq|na|na|27 Jan. 2023|"Formed in June 2016 upon announcement by now-deceased Isnilon Hapilon (QDi.204). Associated with Islamic State in Iraq and
                     the Levant, listed as Al-Qaida in Iraq (QDe.115). INTERPOL-UN Security Council Special Notice web link:https://www.interpol.int/en/How-we-work/Notices/View-UN-Notices-Individuals click here"
KPe.028|MUNITIONS INDUSTRY DEPARTMENT|a) Military Supplies Industry Department b) MID|MACHINE INDUSTRY DEPARTMENT|Pyongyang, Democratic People's Republic of Korea|2 Mar. 2016|"The Munitions Industry Department is involved in key aspects of the DPRK's missile program. MID is responsible for overseeing
                     the development of the DPRK's ballistic missiles, including the Taepo Dong-2.The MID oversees the DPRK's weapons production
                     and R&D programs, including the DPRK's ballistic missile program. The Second Economic Committee and the Second Academy of
                     Natural Sciences – also designated in August 2010 – are subordinate to the MID. The MID in recent years has worked to develop
                     the KN08 road-mobile ICBM. The MID oversees the DPRK’s nuclear program. The Nuclear Weapons Institute is subordinate to the
                     MID."
KPe.068|MYOHYANG SHIPPING CO|na|na|Kumsong 3-dong, Mangyongdae-guyok, Pyongyang, Democratic People's Republic of Korea|30 Mar. 2018|"Ship manager of DPRK oil products tanker YU SON, which is believed to have been involved in ship-to-ship transfer operations
                     for oil. IMO number: 5988369."
QDe.012|MAKHTAB AL-KHIDAMATName (original script): مكتب الخدمات|a) MAK b) Al Kifah c) AFGHAN SERVICE BUREAU|na|na|6 Oct. 2001|"Absorbed into Al-Qaida (QDe.004). Review pursuant to Security Council
                     resolution 1822 (2008) was concluded on 21 Jun. 2010. Review pursuant to Security Council resolution 2368 (2017) was concluded
                     on 24 November 2020. Review pursuant to Security Council resolution 2610 (2021) was concluded on 8 November 2022. INTERPOL-UN
                     Security Council Special Notice web link:https://www.interpol.int/en/How-we-work/Notices/View-UN-Notices-Individuals click here"
KPe.007|GENERAL BUREAU OF ATOMIC ENERGY (GBAE)|General Department of Atomic Energy (GDAE)|na|Haeudong, Pyongchen District, Pyongyang, Democratic People's Republic of Korea|16 Jul. 2009|"The GBAE is responsible for the DPRK’s nuclear program, which includes the Yongbyon Nuclear Research Center and its 5 MWe
                     (25 MWt) plutonium production research reactor, as well as its fuel fabrication and reprocessing facilities. The GBAE has
                     held nuclear-related meetings and discussions with the International Atomic Energy Agency. GBAE is the primary DPRK government
                     agency that oversees nuclear programs, including the operation of the Yongbyon Nuclear Research Center. Changed name as Ministry
                     of Atomic Energy Industry (KPe.027) in 2013."
KPe.021|ACADEMY OF NATIONAL DEFENSE SCIENCE|SECOND ACADEMY OF NATURAL SCIENCES (KPE.018)|na|Pyongyang, Democratic People's Republic of Korea|2 Mar. 2016|"The Academy of National Defense Science is involved in the DPRK's efforts to advance the development of its ballistic missile
                     and nuclear weapons programs."
QDe.005|AL RASHID TRUST|a) Al-Rasheed Trust b) Al Rasheed Trust c) Al-Rashid Trust d) Aid Organization of the Ulema, Pakistan e) Al Amin Welfare Trust f) Al Amin Trust g) Al Ameen Trust h) Al-Ameen Trust i) Al Madina Trust j) Al-Madina Trust|na|a) Kitas Ghar, Nazimabad 4, Dahgel-Iftah, Karachi, Pakistan b) Jamia Maajid, Sulalman Park, Melgium Pura, Lahore, Pakistan c)  (Office Dha’rbi-M’unin, Opposite Khyber Bank, Abbottabad Road, Mansehra, Pakistan) d)  (Office Dha’rbi-M’unin ZR Brothers, Katcherry Road, Chowk Yadgaar, Peshawar, Pakistan) e)  (Office Dha’rbi-M’unin, Rm No. 3, Moti Plaza, Near Liaquat Bagh, Muree Road, Rawalpindi, Pakistan) f)  (Office Dha’rbi-M’unin, Top Floor, Dr. Dawa Khan Dental Clinic Surgeon, Main Baxae, Mingora, Swat, Pakistan) g)  (Kitab Ghar, Darul Ifta Wal Irshad, Nazimabad No. 4, Karachi, Pakistan, Phone 6683301; Phone 0300-8209199; Fax 6623814) h)  (302b-40, Good Earth Court, Opposite Pia Planitarium, Block 13a, Gulshan -l Igbal, Karachi, Pakistan; Phone 4979263) i)  (617 Clifton Center, Block 5, 6th Floor, Clifton, Karachi, Pakistan; Phone 587-2545) j)  (605 Landmark Plaza, 11 Chundrigar Road, Opposite Jang Building, Karachi, Pakistan; Phone 2623818-19) k)  (Jamia Masjid, Sulaiman Park, Begum Pura, Lahore, Pakistan; Phone 042-6812081)|6 Oct. 2001|"Reportedly defunct. Headquarters were in Pakistan. Operations in Afghanistan: Herat Jalalabad, Kabul, Kandahar, Mazar Sherif.
                     Also operations in Kosovo, Chechnya. Involved in the financing of Al-Qaida and the Taliban. Until 21 Oct. 2008, this entity
                     appeared also as ""Aid Organization of the Ulema, Pakistan"" (QDe.073), listed on 24 Apr. 2002 and amended on 25 Jul. 2006.
                     The two entries Al Rashid Trust (QDe.005) and Aid Organization of the Ulema, Pakistan (QDe.073) were consolidated into this
                     entity on 21 Oct. 2008. Founded by Mufti Rashid Ahmad Ledahyanoy (deceased). Associated with Jaish-i-Mohammed (QDe.019). Banned
                     in Pakistan since Oct. 2001. No indication of any activity under the name of Al-Rashid Trust has emerged as of November 2023.
                     Review pursuant to Security Council resolution 1822 (2008) was concluded on 6 May 2010. Review pursuant to Security Council
                     resolution 2368 (2017) was concluded on 4 Dec. 2019. Review pursuant to Security Council resolution 2610 (2021) was concluded
                     on 30 October 2023.  INTERPOL-UN Security Council Special Notice web link:https://www.interpol.int/en/How-we-work/Notices/View-UN-Notices-Individuals click here"
QDe.091|GLOBAL RELIEF FOUNDATION (GRF)|na|na|a) 9935 South 76th Avenue, Unit 1, Bridgeview, Illinois, 60455, United States of America b) P.O. Box 1406, Bridgeview, Illinois, 60455, United States of America|22 Oct. 2002|"Other Foreign Locations: Afghanistan, Bangladesh, Eritrea, Ethiopia,
                     India, Iraq, West Bank and Gaza, Somalia and Syria. Federal Employer Identification
                     Number (United States of America): 36-3804626. Review pursuant to Security Council
                     resolution 1822 (2008) was concluded on 21 Jun. 2010. Review pursuant to Security Council resolution 2368 (2017) was concluded
                     on 4 Dec. 2019. Review pursuant to Security Council resolution 2610 (2021) was concluded on 30 October 2023.  INTERPOL-UN
                     Security Council Special Notice web link:https://www.interpol.int/en/How-we-work/Notices/View-UN-Notices-Individuals click here"
QDe.093|BENEVOLENCE INTERNATIONAL FOUNDATION|a) Al Bir Al Dawalia b) BIF c) BIF-USA d) Mezhdunarodnyj Blagotvoritel'nyl Fond|na|a) 8820 Mobile Avenue, IA, Oak Lawn, Illinois, 60453, United States of America b) P.O. Box 548, Worth, Illinois, 60482, United States of America c) (Formerly located at) 9838 S. Roberts Road, Suite 1W, Palos Hills, Illinois, 60465, United States of America d) (Formerly located at) 20-24 Branford Place, Suite 705, Newark, New Jersey, 07102, United States of America e) P.O. Box 1937, Khartoum, Sudan f) Bangladesh g)  (Gaza Strip) h) Yemen|21 Nov. 2002|"Reportedly defunct. No longer operates in Bosnia and Herzegovina. Employer Identification Number (United States of America):
                     36-3823186.  Review pursuant to Security Council resolution 1822 (2008) was concluded on 22 Jun. 2010. Review pursuant to
                     Security Council resolution 2368 (2017) was concluded on 4 Dec. 2019. Review pursuant to Security Council resolution 2610
                     (2021) was concluded on 30 October 2023.  INTERPOL-UN Security Council Special Notice web link:https://www.interpol.int/en/How-we-work/Notices/View-UN-Notices-Individuals click here"
QDe.128|RAJAH SOLAIMAN MOVEMENT|a) Rajah Solaiman Islamic Movement b) Rajah Solaiman Revolutionary Movement|na|a) Barangay Mal-Ong, Anda, Pangasinan Province, Philippines b) Sitio Dueg, Barangay Maasin, San Clemente, Tarlac Province, Philippines c) Number 50, Purdue Street, Cubao, Quezon City, Philippines|4 Jun. 2008|"Founded and headed by Hilarion Del Rosario Santos III (QDi.244).
                     Associated with the Abu Sayyaf Group (QDe.001), Jemaah Islamiyah (QDe.092) and Khadafi
                     Abubakar Janjalani (deceased). Review pursuant to Security Council resolution 1822 (2008)
                     was concluded on 13 May 2010. Review pursuant to Security Council resolution 2368 (2017) was concluded on 4 Dec. 2019. 
                     Review pursuant to Security Council resolution 2610 (2021) was concluded on 30 October 2023. 
                     INTERPOL-UN Security Council Special Notice web link:https://www.interpol.int/en/How-we-work/Notices/View-UN-Notices-Individuals click here"
QDe.138|JAMA'ATU AHLIS SUNNA LIDDA'AWATI WAL-JIHAD|a) Jama'atu Ahlus-Sunnah Lidda'Awati Wal Jihad b) Jama'atu Ahlus-Sunna Lidda'Awati Wal Jihad c) جماعة أهل السنة للدعوة والجهاد d) Boko Haram e) Western Education is a Sin|na|Nigeria|22 May 2014|"Affiliate of Al-Qaida (QDe.004), and the Organization of Al-Qaida in the Islamic Maghreb (AQIM) (QDe.014). Associated with
                     Jama'atu Ansarul Muslimina Fi Biladis-Sudan (Ansaru). The leader is Abubakar Shekau. Review pursuant to Security Council resolution
                     2368 (2017) was concluded on 4 Dec. 2019. Review pursuant to Security Council resolution 2610 (2021) was concluded on 30 October
                     2023.  INTERPOL-UN Security Council Special Notice web link:https://www.interpol.int/en/How-we-work/Notices/View-UN-Notices-Individuals click here"
QDe.139|AL MOUAKAOUNE BIDDAMName (original script): الموقعون بالدم|a) Les Signataires par le Sang b) Ceux Qui Signent avec le Sang c) Those Who Sign in Blood|na|Mali|2 Jun. 2014|"Associated with the Organization of Al-Qaida in the Islamic Maghreb
                     (QDe.014) and led by Mokhtar Belmokhtar (QDi.136). Active in the Sahel/Sahara
                     region. Review pursuant to Security Council resolution 2368 (2017) was concluded on 4 Dec. 2019. Review pursuant to Security
                     Council resolution 2610 (2021) was concluded on 30 October 2023.  INTERPOL-UN Security Council Special Notice web link:https://www.interpol.int/en/How-we-work/Notices/View-UN-Notices-Individuals click here"
QDe.140|AL MOULATHAMOUNName (original script): الملثمون|a) Les Enturbannés b) The Veiled|na|a) Mali b) Niger c) Algeria|2 Jun. 2014|"Founded in 2012 as a splinter group of the Organization of Al-Qaida in
                     the Islamic Maghreb (QDe.014). On 20 Aug. 2013, Al Moulathamoun merged with the
                     Mouvement pour l’Unification et le Jihad en Afrique de l’Ouest (MUJAO) (QDe.134) and
                     established Al Mourabitoun (QDe.141). Associated with the Organization of Al-Qaida in
                     the Islamic Maghreb (QDe.014) and led by Mokhtar Belmokhtar (QDi.136). Active in the
                     Sahel/Sahara region. Review pursuant to Security Council resolution 2368 (2017) was concluded on 4 Dec. 2019. Review pursuant
                     to Security Council resolution 2610 (2021) was concluded on 30 October 2023.  INTERPOL-UN Security Council Special Notice
                     web link:https://www.interpol.int/en/How-we-work/Notices/View-UN-Notices-Individuals click here"
QDe.141|AL MOURABITOUNName (original script): المرابطون|a) Les Sentinelles b) The Sentinels|na|Mali|2 Jun. 2014|"Founded on 20 Aug. 2013 as result of a merger between Al Moulathamoun
                     (QDe.140) and the Mouvement pour l’Unification et le Jihad en Afrique de l’Ouest (MUJAO)
                     (QDe.134). Associated with the Organization of Al-Qaida in the Islamic Maghreb (QDe.014)
                     and led by Mokhtar Belmokhtar (QDi.136). Active in the Sahel/Sahara region. Review pursuant to Security Council resolution
                     2368 (2017) was concluded on 4 Dec. 2019. Review pursuant to Security Council resolution 2610 (2021) was concluded on 30 October
                     2023.  INTERPOL-UN Security Council Special Notice web link:https://www.interpol.int/en/How-we-work/Notices/View-UN-Notices-Individuals click here"
QDe.142|ANSARUL MUSLIMINA FI BILADIS SUDANName (original script): أنصار المسلمین في بلاد السودان|a) Ansaru b) Jama'atu Ansaril Muslimina fi Biladis Sudan (JAMBS) c) Jama’atu Ansarul Muslimina fi Biladis-Sudan (JAMBS) d) Jamma’atu Ansarul Muslimina fi Biladis-Sudan (JAMBS) e) Vanguards for the Protection of Muslims in Black Africa f) Vanguard for the Protection of Muslims in Black Africa|na|Nigeria|26 Jun. 2014|"Terrorist and paramilitary group established in 2012 and operating in
                     Nigeria. Associated with the Organization of Al-Qaida in the Islamic Maghreb (AQIM)
                     (QDe.014), Jama'atu Ahlis Sunna Lidda'Awati Wal-Jihad (Boko Haram) (QDe.138) and
                     Abubakar Mohammed Shekau (QDi322). Review pursuant to Security Council resolution 2368 (2017) was concluded on 4 Dec. 2019.
                     Review pursuant to Security Council resolution 2610 (2021) was concluded on 30 October 2023.  INTERPOL-UN Security Council
                     Special Notice web link:https://www.interpol.int/en/How-we-work/Notices/View-UN-Notices-Individuals click here"
QDe.143|ANSAR AL-SHARI’A IN TUNISIA (AAS-T)|a) Ansar al-Sharia in Tunisia b) Ansar al-Shari’ah in Tunisia c) Ansar al-Shari’ah d) Ansar al-Sharia e) Supporters of Islamic Law f) Al-Qayrawan Media Foundation|na|Tunisia|23 Sep. 2014|"A Tunisian armed group with links to the Organization of Al-Qaida in the
                     Islamic Maghreb (QDe.014). The leader is Seifallah ben Hassine (QDi.333). Review pursuant to Security Council resolution 2368
                     (2017) was concluded on 4 Dec. 2019. Review pursuant to Security Council resolution 2610 (2021) was concluded on 30 October
                     2023.  INTERPOL-UN Security Council Special Notice web link:https://www.interpol.int/en/How-we-work/Notices/View-UN-Notices-Individuals click here"
QDe.144|ABDALLAH AZZAM BRIGADES (AAB)|a) Abdullah Azzam Brigades b) Ziyad al-Jarrah Battalions of the Abdallah Azzam Brigades c) Yusuf al-'Uyayri Battalions of the Abdallah Azzam Brigades|na|(Operates in Lebanon, Syria and the Arabian Peninsula)|23 Sep. 2014|"An armed group that has carried out joint attacks with Al-Nusrah Front
                     for the People of the Levant (QDe.137).  Review pursuant to Security Council resolution 2368 (2017) was concluded on 4 Dec.
                     2019. Review pursuant to Security Council resolution 2610 (2021) was concluded on 30 October 2023.  INTERPOL-UN Security Council
                     Special Notice web link:https://www.interpol.int/en/How-we-work/Notices/View-UN-Notices-Individuals click here"
QDe.145|ANSAR AL CHARIA DERNAName (original script): أنصار الشريعة – درنة|a) Ansar al-Charia Derna b) Ansar al-Sharia Derna c) أنصار الشريعة (Ansar al Charia) d) Ansar al-Sharia e) Ansar al Sharia|na|a)  (Operates in Derna and Jebel Akhdar, Libya) b)  (Support network in Tunisia)|19 Nov. 2014|"Associated with the Organization of Al-Qaida in the Islamic Maghreb
                     (QDe.014), Ansar al-Shari’a in Tunisia (AAS-T) (QDe.143) and Ansar al Charia Benghazi
                     (QDe.146). Runs training camps for foreign terrorist fighters travelling to Syria and
                     Iraq. Review pursuant to Security Council resolution 2368 (2017) was concluded on 4 Dec. 2019. Review pursuant to Security
                     Council resolution 2610 (2021) was concluded on 30 October 2023.  INTERPOL-UN Security Council Special Notice web link:https://www.interpol.int/en/How-we-work/Notices/View-UN-Notices-Individuals click here"
QDe.146|ANSAR AL CHARIA BENGHAZIName (original script): أنصار الشريعة - بنغازي|a) نصار الشريعة (Ansar al Charia) b) Ansar al-Charia c) Ansar al-Sharia d) Ansar al-Charia Benghazi e) Ansar al-Sharia Benghazi f) أنصار الشريعة بليبيا (Ansar al Charia in Libya (ASL)) g) كتيبة أنصار الشريعة (Katibat Ansar al Charia) h) Ansar al Sharia|na|a)  (Operates in Benghazi, Libya) b)  (Support network in Tunisia)|19 Nov. 2014|"Associated with the Organization of Al-Qaida in the Islamic Maghreb
                     (QDe.014), Al Mourabitoun (QDe.141), Ansar al-Shari’a in Tunisia (AAS-T) (QDe.143), and
                     Ansar al Charia Derna (QDe.145). The leader is Mohamed al-Zahawi (not listed). Runs
                     training camps for foreign terrorist fighters travelling to Syria, Iraq and
                     Mali. Review pursuant to Security Council resolution 2368 (2017) was concluded on 4 Dec. 2019. 
                     Review pursuant to Security Council resolution 2610 (2021) was concluded on 30 October 2023. 
                     INTERPOL-UN Security Council Special Notice web link:https://www.interpol.int/en/How-we-work/Notices/View-UN-Notices-Individuals click here"
QDe.157|AL-KAWTHAR MONEY EXCHANGE|a) Al Kawthar Co. b) Al Kawthar Company c) Al-Kawthar Hawala|na|Al-Qaim, Al Anbar Province, Iraq|6 Mar. 2018|"Money exchange business and owned by Umar Mahmud Irhayyim al-Kubaysi (QDi.412) as of mid-2016. Facilitated financial transactions
                     on behalf of companies associated with Islamic State in Iraq and the Levant (ISIL), listed as Al-Qaida in Iraq (QDe.115).
                     Established in 2000 under License number 202, issued on 17 May 2000, and since withdrawn. 
                     Review pursuant to Security Council resolution 2610 (2021) was concluded on 30 October 2023. 
                     INTERPOL-UN Security Council Special Notice web link:https://www.interpol.int/en/How-we-work/Notices/View-UN-Notices-Individuals click here"
QDe.158|KHATIBA IMAM AL-BUKHARI (KIB)|Khataib al-Imam al-Bukhari|na|a) Afghanistan/Pakistan border area (previous location) b) Khan-Shaykhun, Syrian Arab Republic (53 km south of Idlib, location as of Mar. 2018) c) Idlib Aleppo and Khama, Syrian Arab Republic (operation zone) d) Faryab, Badghis and Jawzjan Provinces, Afghanistan|29 Mar. 2018|"Associated with Al-Nusrah Front for the People of the Levant (QDe.137). Committed terrorist attacks in the Syrian Arab Republic.
                     Since 2016 redeployed to Northern Afghanistan to project attacks against Central Asia countries. Review pursuant to Security
                     Council resolution 2610 (2021) was concluded on 30 October 2023.  INTERPOL-UN Security Council Special Notice web link:https://www.interpol.int/en/How-we-work/Notices/View-UN-Notices-Individuals click here"
QDe.107|AL FURQAN|a) Dzemilijati Furkan b) Dzem'ijjetul Furqan c) Association for Citizens Rights and Resistance to Lies d) Dzemijetul Furkan e) Association of Citizens for the Support of Truth and Supression of Lies f) Sirat g) Association for Education, Culture and Building Society-Sirat h) Association for Education, Cultural, and to Create Society -Sirat i) Istikamet j) In Siratel k) Citizens’ Association for Support and Prevention of lies – Furqan|na|a) 30a Put Mladih Muslimana (ex Pavla Lukaca Street), 71 000 Sarajevo, Bosnia and Herzegovina b) 72 ul. Strossmajerova, Zenica, Bosnia and Herzegovina c) 42 Muhameda Hadzijahica, Sarajevo, Bosnia and Herzegovina d) 70 and 53 Strosmajerova Street, Zenica, Bosnia and Herzegovina e) Zlatnih Ljiljana Street, Zavidovici, Bosnia and Herzegovina|11 May 2004|"Reportedly defunct. Registered in Bosnia and Herzegovina as a citizens’ association under the name of “Citizens’ Association
                     for Support and Prevention of lies – Furqan” on 26 Sep. 1997. Al Furqan ceased its work by decision of the Ministry of Justice
                     of the Bosnia and Herzegovina Federation (decision number 03-054-286/97 dated 8 Nov. 2002). Al Furqan was no longer in existence
                     as of Dec. 2008. Review pursuant to Security Council resolution 1822 (2008) was concluded on 15 Jun. 2010. Review pursuant
                     to Security Council resolution 2253 (2015) was concluded on 21 Feb. 2019. Review pursuant to Security Council resolution 2368
                     (2017) was concluded on 15 November 2021. Review pursuant to Security Council resolution 2610 (2021) was concluded on 30 October
                     2023.  INTERPOL-UN Security Council Special Notice web link:https://www.interpol.int/en/How-we-work/Notices/View-UN-Notices-Individuals click here"
QDe.118|LASHKAR-E-TAYYIBA|a) Lashkar-e-Toiba b) Lashkar-i-Taiba c) al Mansoorian d) al Mansooreen e) Army of the Pure f) Army of the Righteous g) Army of the Pure and Righteous h) Paasban-e-Kashmir i) Paasban-i-Ahle-Hadith j) Pasban-e-Kashmir k) Pasban-e-Ahle-Hadith l) Paasban-e-Ahle-Hadis m) Pashan-e-ahle Hadis n) Lashkar e Tayyaba o) LET p) Jamaat-ud-Dawa q) JUD r) Jama'at al-Dawa s) Jamaat ud-Daawa t) Jamaat ul-Dawah u) Jamaat-ul-Dawa v) Jama'at-i-Dawat w) Jamaiat-ud-Dawa x) Jama'at-ud-Da'awah y) Jama'at-ud-Da'awa z) Jamaati-ud-Dawa aa) Falah-i-Insaniat Foundation (FIF)|na|na|2 May 2005|"Associated with Hafiz Muhammad Saeed (QDi.263) who is the leader of
                     Lashkar-e-Tayyiba. Review pursuant to Security Council resolution 1822 (2008) was
                     concluded on 8 Jun. 2010. Review pursuant to Security Council resolution 2368 (2017) was concluded on 24 November 2020. Review
                     pursuant to Security Council resolution 2610 (2021) was concluded on 30 October 2023.  INTERPOL-UN Security Council Special
                     Notice web link:https://www.interpol.int/en/How-we-work/Notices/View-UN-Notices-Individuals click here"
QDe.159|JAMA'A NUSRAT UL-ISLAM WA AL-MUSLIMIN (JNIM)Name (original script): جماعة نصرة الإسلام والمسلمين|na|na|na|4 Oct. 2018|"Associated with Al-Qaida (QDe.004), the Organization of Al-Qaida in the Islamic Maghreb (QDe.014), Ansar Eddine (QDe.135)
                     and Al-Mourabitoun (QDe.141). Operations in Mali and Burkina Faso. 
                     Review pursuant to Security Council resolution 2610 (2021) was concluded on 30 October 2023. 
                     INTERPOL-UN Security Council Special Notice web link:https://www.interpol.int/en/How-we-work/Notices/View-UN-Notices-Individuals click here"
KPe.054|MINISTRY OF NATIONAL DEFENCE|a) MINISTRY OF NATIONAL DEFENSE b) MINISTRY OF DEFENCE c) MINISTRY OF DEFENSE|MINISTRY OF THE PEOPLE’S ARMED FORCES (MPAF)|Pyongyang, Democratic People's Republic of Korea|22 Dec. 2017|The Ministry of National Defence manages the general administrative and logistical needs of the Korean People’s Army.
KPe.029|NATIONAL AEROSPACE TECHNOLOGY ADMINISTRATION|NATA|a) NATIONAL AEROSPACE DEVELOPMENT ADMINISTRATION b) NADA|Democratic People's Republic of Korea|2 Mar. 2016|NATA is involved in the DPRK's development of space science and technology, including satellite launches and carrier rockets.
